Task Name, Workload Size, CPU Shares, Duration
affinity, 10, 1000, 87.27662718296051
affinity, 13, 1000, 115.39696609973907
affinity, 16, 1000, 145.82501697540283
affinity, 19, 1000, 164.512420296669
affinity, 22, 1000, 192.9742728471756
affinity, 25, 1000, 217.3631364107132
affinity, 28, 1000, 231.3064910173416
affinity, 31, 1000, 260.17524540424347
affinity, 34, 1000, 288.83862590789795
affinity, 37, 1000, 316.9717233181
affinity, 40, 1000, 344.0386688709259
affinity, 43, 1000, 386.54797744750977
affinity, 46, 1000, 402.06550455093384
affinity, 49, 1000, 415.3430930376053
affinity, 10, 1500, 50.70341718196869
affinity, 13, 1500, 66.0504469871521
affinity, 16, 1500, 80.04643034934998
affinity, 19, 1500, 95.84616303443909
affinity, 22, 1500, 109.77699899673462
affinity, 25, 1500, 123.56014394760132
affinity, 28, 1500, 136.51488399505615
affinity, 31, 1500, 158.18833148479462
affinity, 34, 1500, 171.76944053173065
affinity, 37, 1500, 192.20176553726196
affinity, 40, 1500, 207.48942065238953
affinity, 43, 1500, 219.1407504081726
affinity, 46, 1500, 225.87129735946655
affinity, 49, 1500, 246.81822419166565
affinity, 10, 2000, 37.50535297393799
affinity, 13, 2000, 50.22883355617523
affinity, 16, 2000, 59.59167671203613
affinity, 19, 2000, 70.63844335079193
affinity, 22, 2000, 84.41621947288513
affinity, 25, 2000, 96.06295084953308
affinity, 28, 2000, 106.22439301013947
affinity, 31, 2000, 115.5317804813385
affinity, 34, 2000, 124.93656361103058
affinity, 37, 2000, 136.5537712574005
affinity, 40, 2000, 150.57103633880615
affinity, 43, 2000, 162.310537815094
affinity, 46, 2000, 176.12291288375854
affinity, 49, 2000, 184.85528552532196
affinity, 10, 2500, 27.0205956697464
affinity, 13, 2500, 39.71911883354187
affinity, 16, 2500, 48.61509132385254
affinity, 19, 2500, 61.00128245353699
affinity, 22, 2500, 72.23703420162201
affinity, 25, 2500, 84.03723180294037
affinity, 28, 2500, 95.36150860786438
affinity, 31, 2500, 105.18491232395172
affinity, 34, 2500, 116.39224052429199
affinity, 37, 2500, 125.04654943943024
affinity, 40, 2500, 132.97171998023987
affinity, 43, 2500, 144.17565762996674
affinity, 46, 2500, 152.65503978729248
affinity, 49, 2500, 165.44918382167816
affinity, 10, 3000, 29.027453899383545
affinity, 13, 3000, 36.376415848731995
affinity, 16, 3000, 42.759313344955444
affinity, 19, 3000, 52.729636669158936
affinity, 22, 3000, 62.24981725215912
affinity, 25, 3000, 68.68507766723633
affinity, 28, 3000, 77.9019478559494
affinity, 31, 3000, 84.20736956596375
affinity, 34, 3000, 93.67972505092621
affinity, 37, 3000, 104.61436176300049
affinity, 40, 3000, 108.31035792827606
affinity, 43, 3000, 117.90427947044373
affinity, 46, 3000, 131.8853178024292
affinity, 49, 3000, 140.08181750774384
affinity, 10, 3500, 22.368616223335266
affinity, 13, 3500, 27.149832606315613
affinity, 16, 3500, 34.98379290103912
affinity, 19, 3500, 40.376867175102234
affinity, 22, 3500, 46.5155975818634
affinity, 25, 3500, 55.395050287246704
affinity, 28, 3500, 61.83003234863281
affinity, 31, 3500, 63.43108606338501
affinity, 34, 3500, 76.74969744682312
affinity, 37, 3500, 81.0171012878418
affinity, 40, 3500, 84.24072241783142
affinity, 43, 3500, 91.31239712238312
affinity, 46, 3500, 96.0097758769989
affinity, 49, 3500, 105.18099212646484
affinity, 10, 4000, 19.01862597465515
affinity, 13, 4000, 23.86382520198822
affinity, 16, 4000, 32.96819818019867
affinity, 19, 4000, 36.55787372589111
affinity, 22, 4000, 38.43616235256195
affinity, 25, 4000, 45.558075189590454
affinity, 28, 4000, 52.31741118431091
affinity, 31, 4000, 57.19425940513611
affinity, 34, 4000, 67.13984799385071
affinity, 37, 4000, 71.0723477602005
affinity, 40, 4000, 73.82877004146576
affinity, 43, 4000, 80.33810424804688
affinity, 46, 4000, 88.65446448326111
affinity, 49, 4000, 92.55754578113556
affinity, 10, 4500, 17.84844982624054
affinity, 13, 4500, 25.698726177215576
affinity, 16, 4500, 28.551992177963257
affinity, 19, 4500, 41.31208574771881
affinity, 22, 4500, 45.699695229530334
affinity, 25, 4500, 52.752352356910706
affinity, 28, 4500, 62.302531599998474
affinity, 31, 4500, 67.9722295999527
affinity, 34, 4500, 73.91379845142365
affinity, 37, 4500, 80.82728946208954
affinity, 40, 4500, 81.24882304668427
affinity, 43, 4500, 91.04396760463715
affinity, 46, 4500, 97.89747226238251
affinity, 49, 4500, 97.37047159671783
affinity, 10, 5000, 14.159922361373901
affinity, 13, 5000, 18.549257040023804
affinity, 16, 5000, 22.380295038223267
affinity, 19, 5000, 24.684406042099
affinity, 22, 5000, 30.36824107170105
affinity, 25, 5000, 35.632330775260925
affinity, 28, 5000, 38.578038454055786
affinity, 31, 5000, 43.24255168437958
affinity, 34, 5000, 48.09396040439606
affinity, 37, 5000, 53.44967579841614
affinity, 40, 5000, 56.60476791858673
affinity, 43, 5000, 60.043960094451904
affinity, 46, 5000, 62.57541000843048
affinity, 49, 5000, 69.52784788608551
affinity, 10, 5500, 14.709518790245056
affinity, 13, 5500, 18.853681683540344
affinity, 16, 5500, 22.789275765419006
affinity, 19, 5500, 27.906049370765686
affinity, 22, 5500, 30.97706162929535
affinity, 25, 5500, 35.82468068599701
affinity, 28, 5500, 37.24131774902344
affinity, 31, 5500, 37.628727316856384
affinity, 34, 5500, 40.156623125076294
affinity, 37, 5500, 45.9081734418869
affinity, 40, 5500, 52.90888857841492
affinity, 43, 5500, 55.662031054496765
affinity, 46, 5500, 59.002195596694946
affinity, 49, 5500, 63.912309646606445
affinity, 10, 6000, 10.92451298236847
affinity, 13, 6000, 16.211246609687805
affinity, 16, 6000, 20.359321117401123
affinity, 19, 6000, 24.411743879318237
affinity, 22, 6000, 28.613956332206726
affinity, 25, 6000, 31.94623112678528
affinity, 28, 6000, 36.389954805374146
affinity, 31, 6000, 31.966224551200867
affinity, 34, 6000, 43.69871997833252
affinity, 37, 6000, 45.564409255981445
affinity, 40, 6000, 55.399412751197815
affinity, 43, 6000, 57.09416937828064
affinity, 46, 6000, 58.293537855148315
affinity, 49, 6000, 62.99044358730316
affinity, 10, 6500, 13.677698135375977
affinity, 13, 6500, 16.946394324302673
affinity, 16, 6500, 19.819865584373474
affinity, 19, 6500, 26.025333046913147
affinity, 22, 6500, 29.290545225143433
affinity, 25, 6500, 37.59089732170105
affinity, 28, 6500, 35.40843439102173
affinity, 31, 6500, 36.71650266647339
affinity, 34, 6500, 42.5719393491745
affinity, 37, 6500, 44.271178007125854
affinity, 40, 6500, 42.526180267333984
affinity, 43, 6500, 50.70163679122925
affinity, 46, 6500, 59.95985233783722
affinity, 49, 6500, 61.69231986999512
affinity, 10, 7000, 13.90166437625885
affinity, 13, 7000, 18.760024666786194
affinity, 16, 7000, 22.946765065193176
affinity, 19, 7000, 27.75985026359558
affinity, 22, 7000, 30.444089770317078
affinity, 25, 7000, 35.71264338493347
affinity, 28, 7000, 37.63666498661041
affinity, 31, 7000, 44.02553987503052
affinity, 34, 7000, 46.02868950366974
affinity, 37, 7000, 51.71491765975952
affinity, 40, 7000, 55.471837639808655
affinity, 43, 7000, 60.321266293525696
affinity, 46, 7000, 65.2823885679245
affinity, 49, 7000, 67.65706813335419
affinity, 10, 7500, 14.307472944259644
affinity, 13, 7500, 18.59355103969574
affinity, 16, 7500, 22.16977035999298
affinity, 19, 7500, 26.348415970802307
affinity, 22, 7500, 30.900328397750854
affinity, 25, 7500, 35.45218551158905
affinity, 28, 7500, 38.88398814201355
affinity, 31, 7500, 44.14979314804077
affinity, 34, 7500, 49.24177801609039
affinity, 37, 7500, 52.4978061914444
affinity, 40, 7500, 57.43374538421631
affinity, 43, 7500, 60.62422704696655
affinity, 46, 7500, 64.50121700763702
affinity, 49, 7500, 65.33484423160553
affinity, 10, 8000, 14.082134366035461
affinity, 13, 8000, 17.870810985565186
affinity, 16, 8000, 22.04360806941986
affinity, 19, 8000, 26.28738260269165
affinity, 22, 8000, 34.526564836502075
affinity, 25, 8000, 34.9134806394577
affinity, 28, 8000, 39.793612003326416
affinity, 31, 8000, 42.176228523254395
affinity, 34, 8000, 46.57052409648895
affinity, 37, 8000, 50.35170817375183
affinity, 40, 8000, 54.274733543395996
affinity, 43, 8000, 56.894744753837585
affinity, 46, 8000, 63.857943534851074
affinity, 49, 8000, 68.9931048154831
affinity, 10, 8500, 13.303630590438843
affinity, 13, 8500, 17.50670576095581
affinity, 16, 8500, 21.89974808692932
affinity, 19, 8500, 25.599437952041626
affinity, 22, 8500, 30.997105836868286
affinity, 25, 8500, 33.106326937675476
affinity, 28, 8500, 38.86787724494934
affinity, 31, 8500, 42.670210123062134
affinity, 34, 8500, 48.40497267246246
affinity, 37, 8500, 52.566229820251465
affinity, 40, 8500, 54.740232944488525
affinity, 43, 8500, 56.605480909347534
affinity, 46, 8500, 67.44633722305298
affinity, 49, 8500, 73.98915660381317
atomic, 10, 1000, 124.80099439620972
atomic, 13, 1000, 162.23908483982086
atomic, 16, 1000, 188.95869016647339
atomic, 19, 1000, 242.60056447982788
atomic, 22, 1000, 293.72532105445862
atomic, 25, 1000, 304.54246485233307
atomic, 28, 1000, 365.3085893392563
atomic, 31, 1000, 392.59312689304352
atomic, 34, 1000, 424.03797495365143
atomic, 37, 1000, 476.5950405597687
atomic, 40, 1000, 482.10663545131683
atomic, 43, 1000, 520.0607787370682
atomic, 46, 1000, 562.7364499568939
atomic, 49, 1000, 575.6552280187607
atomic, 10, 1500, 121.32342338562012
atomic, 13, 1500, 148.71952998638153
atomic, 16, 1500, 174.091228723526
atomic, 19, 1500, 238.04103219509125
atomic, 22, 1500, 270.995552778244
atomic, 25, 1500, 295.2150436639786
atomic, 28, 1500, 349.1319204568863
atomic, 31, 1500, 367.2442537546158
atomic, 34, 1500, 400.9916549921036
atomic, 37, 1500, 447.07933163642883
atomic, 40, 1500, 468.66069877147675
atomic, 43, 1500, 457.2740408182144
atomic, 46, 1500, 536.8418716192245
atomic, 49, 1500, 516.1512801647186
atomic, 10, 2000, 65.7561115026474
atomic, 13, 2000, 85.10258674621582
atomic, 16, 2000, 96.80973529815674
atomic, 19, 2000, 112.57749259471893
atomic, 22, 2000, 140.1360728740692
atomic, 25, 2000, 161.88480424880981
atomic, 28, 2000, 166.2935093641281
atomic, 31, 2000, 175.6325945854187
atomic, 34, 2000, 215.03712785243988
atomic, 37, 2000, 240.12311959266663
atomic, 40, 2000, 246.84548091888428
atomic, 43, 2000, 257.7859283685684
atomic, 46, 2000, 273.42882454395294
atomic, 49, 2000, 316.80891168117523
atomic, 10, 2500, 61.96448743343353
atomic, 13, 2500, 59.8596670627594
atomic, 16, 2500, 80.44086813926697
atomic, 19, 2500, 94.71482038497925
atomic, 22, 2500, 110.91601157188416
atomic, 25, 2500, 124.00107216835022
atomic, 28, 2500, 146.73715090751648
atomic, 31, 2500, 149.55253052711487
atomic, 34, 2500, 200.33627104759216
atomic, 37, 2500, 189.2257697582245
atomic, 40, 2500, 194.98572707176208
atomic, 43, 2500, 221.47352075576782
atomic, 46, 2500, 251.22230792045593
atomic, 49, 2500, 268.22884249687195
atomic, 10, 3000, 46.3202508687973
atomic, 13, 3000, 54.679091572761536
atomic, 16, 3000, 75.98515188694
atomic, 19, 3000, 78.77370655536652
atomic, 22, 3000, 94.82328689098358
atomic, 25, 3000, 105.93570470809937
atomic, 28, 3000, 130.4778572320938
atomic, 31, 3000, 152.43844854831696
atomic, 34, 3000, 176.59325575828552
atomic, 37, 3000, 177.63166618347168
atomic, 40, 3000, 209.29988884925842
atomic, 43, 3000, 178.26805078983307
atomic, 46, 3000, 189.73382425308228
atomic, 49, 3000, 209.17088401317596
atomic, 10, 3500, 31.785034894943237
atomic, 13, 3500, 41.618504762649536
atomic, 16, 3500, 51.06822097301483
atomic, 19, 3500, 63.97503054141998
atomic, 22, 3500, 65.27865135669708
atomic, 25, 3500, 82.16654098033905
atomic, 28, 3500, 82.88276076316833
atomic, 31, 3500, 104.71843445301056
atomic, 34, 3500, 103.16508030891418
atomic, 37, 3500, 132.43494784832
atomic, 40, 3500, 127.67056822776794
atomic, 43, 3500, 136.87879192829132
atomic, 46, 3500, 138.24494087696075
atomic, 49, 3500, 174.5710598230362
atomic, 10, 4000, 33.13877272605896
atomic, 13, 4000, 39.581740498542786
atomic, 16, 4000, 49.67440152168274
atomic, 19, 4000, 58.13171458244324
atomic, 22, 4000, 69.20557808876038
atomic, 25, 4000, 80.44675004482269
atomic, 28, 4000, 87.33060765266418
atomic, 31, 4000, 103.11540806293488
atomic, 34, 4000, 116.5882031917572
atomic, 37, 4000, 115.90106129646301
atomic, 40, 4000, 138.3931177854538
atomic, 43, 4000, 142.62638461589813
atomic, 46, 4000, 156.8571721315384
atomic, 49, 4000, 167.6732566356659
atomic, 10, 4500, 27.166446924209595
atomic, 13, 4500, 34.67993724346161
atomic, 16, 4500, 43.42307233810425
atomic, 19, 4500, 50.604562759399414
atomic, 22, 4500, 63.30831575393677
atomic, 25, 4500, 70.62969529628754
atomic, 28, 4500, 75.72350215911865
atomic, 31, 4500, 85.723029255867
atomic, 34, 4500, 89.50887203216553
atomic, 37, 4500, 99.40568494796753
atomic, 40, 4500, 107.40458846092224
atomic, 43, 4500, 115.76982796192169
atomic, 46, 4500, 117.92448341846466
atomic, 49, 4500, 128.70315730571747
atomic, 10, 5000, 24.499075889587402
atomic, 13, 5000, 34.66948044300079
atomic, 16, 5000, 38.3990843296051
atomic, 19, 5000, 43.73204839229584
atomic, 22, 5000, 54.810802578926086
atomic, 25, 5000, 65.87195944786072
atomic, 28, 5000, 79.67611420154572
atomic, 31, 5000, 80.96900618076324
atomic, 34, 5000, 93.76221835613251
atomic, 37, 5000, 109.71323931217194
atomic, 40, 5000, 93.17168033123016
atomic, 43, 5000, 108.3737324476242
atomic, 46, 5000, 121.18716812133789
atomic, 49, 5000, 112.82201325893402
atomic, 10, 5500, 22.803985476493835
atomic, 13, 5500, 27.662412881851196
atomic, 16, 5500, 38.23878526687622
atomic, 19, 5500, 44.6108078956604
atomic, 22, 5500, 49.68466353416443
atomic, 25, 5500, 60.11042666435242
atomic, 28, 5500, 65.91056144237518
atomic, 31, 5500, 72.97395968437195
atomic, 34, 5500, 82.25872123241425
atomic, 37, 5500, 85.22557723522186
atomic, 40, 5500, 88.99087023735046
atomic, 43, 5500, 96.97028374671936
atomic, 46, 5500, 103.11765003204346
atomic, 49, 5500, 106.60854923725128
atomic, 10, 6000, 20.284425020217896
atomic, 13, 6000, 25.054951548576355
atomic, 16, 6000, 31.0232355594635
atomic, 19, 6000, 38.99041163921356
atomic, 22, 6000, 43.931602120399475
atomic, 25, 6000, 49.07336604595184
atomic, 28, 6000, 57.2944176197052
atomic, 31, 6000, 62.02130305767059
atomic, 34, 6000, 73.9332035779953
atomic, 37, 6000, 72.60830461978912
atomic, 40, 6000, 83.04927051067352
atomic, 43, 6000, 88.9549914598465
atomic, 46, 6000, 93.49474835395813
atomic, 49, 6000, 101.65423476696014
atomic, 10, 6500, 20.49046814441681
atomic, 13, 6500, 28.207783222198486
atomic, 16, 6500, 32.37474477291107
atomic, 19, 6500, 37.33893144130707
atomic, 22, 6500, 44.09239172935486
atomic, 25, 6500, 50.76424181461334
atomic, 28, 6500, 59.01470625400543
atomic, 31, 6500, 61.17603898048401
atomic, 34, 6500, 67.63159537315369
atomic, 37, 6500, 77.04418170452118
atomic, 40, 6500, 81.69997096061707
atomic, 43, 6500, 83.32023882865906
atomic, 46, 6500, 91.74992680549622
atomic, 49, 6500, 105.37704229354858
atomic, 10, 7000, 17.929118633270264
atomic, 13, 7000, 23.010006546974182
atomic, 16, 7000, 29.403125524520874
atomic, 19, 7000, 34.10123407840729
atomic, 22, 7000, 40.79362201690674
atomic, 25, 7000, 45.79168236255646
atomic, 28, 7000, 52.050238490104675
atomic, 31, 7000, 56.190715074539185
atomic, 34, 7000, 63.17112481594086
atomic, 37, 7000, 68.13952481746674
atomic, 40, 7000, 72.11277365684509
atomic, 43, 7000, 77.84343731403351
atomic, 46, 7000, 84.62806594371796
atomic, 49, 7000, 95.29374253749847
atomic, 10, 7500, 16.47987425327301
atomic, 13, 7500, 21.190150499343872
atomic, 16, 7500, 25.3382910490036
atomic, 19, 7500, 30.877341508865356
atomic, 22, 7500, 35.35049271583557
atomic, 25, 7500, 42.01704716682434
atomic, 28, 7500, 47.341022968292236
atomic, 31, 7500, 50.793415904045105
atomic, 34, 7500, 57.50446665287018
atomic, 37, 7500, 60.5141464471817
atomic, 40, 7500, 66.81500160694122
atomic, 43, 7500, 68.9682868719101
atomic, 46, 7500, 77.50630843639374
atomic, 49, 7500, 83.42406630516052
atomic, 10, 8000, 17.183653473854065
atomic, 13, 8000, 22.093838453292847
atomic, 16, 8000, 26.04639708995819
atomic, 19, 8000, 32.00610041618347
atomic, 22, 8000, 37.42867732048035
atomic, 25, 8000, 40.58219110965729
atomic, 28, 8000, 44.733667731285095
atomic, 31, 8000, 55.5287401676178
atomic, 34, 8000, 54.85396480560303
atomic, 37, 8000, 60.605478405952454
atomic, 40, 8000, 66.34884369373322
atomic, 43, 8000, 74.1994811296463
atomic, 46, 8000, 76.13404250144958
atomic, 49, 8000, 82.85357129573822
atomic, 10, 8500, 15.29676628112793
atomic, 13, 8500, 19.829050421714783
atomic, 16, 8500, 24.75939166545868
atomic, 19, 8500, 28.257683992385864
atomic, 22, 8500, 32.835124135017395
atomic, 25, 8500, 37.99484121799469
atomic, 28, 8500, 42.13451445102692
atomic, 31, 8500, 46.82437324523926
atomic, 34, 8500, 52.26773381233215
atomic, 37, 8500, 55.740840911865234
atomic, 40, 8500, 61.17742693424225
atomic, 43, 8500, 66.08602142333984
atomic, 46, 8500, 69.82644045352936
atomic, 49, 8500, 75.89782381057739
bsearch, 10, 1000, 257.2695269584656
bsearch, 13, 1000, 344.5950493812561
bsearch, 16, 1000, 419.74113416671753
bsearch, 19, 1000, 501.6050601005554
bsearch, 22, 1000, 577.9354213476181
bsearch, 25, 1000, 650.5046678781509
bsearch, 28, 1000, 705.2528955936432
bsearch, 31, 1000, 780.0645184516907
bsearch, 34, 1000, 858.7779549360275
bsearch, 37, 1000, 936.1092076301575
bsearch, 40, 1000, 972.8875648975372
bsearch, 43, 1000, 950.3613106012344
bsearch, 46, 1000, 1080.25979077816
bsearch, 49, 1000, 1267.5532668828964
bsearch, 10, 1500, 151.17635333538055
bsearch, 13, 1500, 191.11276388168335
bsearch, 16, 1500, 233.17548716068268
bsearch, 19, 1500, 273.41253447532654
bsearch, 22, 1500, 319.7075138092041
bsearch, 25, 1500, 359.95867335796356
bsearch, 28, 1500, 402.0242694616318
bsearch, 31, 1500, 440.0109714269638
bsearch, 34, 1500, 492.59529161453247
bsearch, 37, 1500, 536.9501049518585
bsearch, 40, 1500, 583.5457669496536
bsearch, 43, 1500, 627.858992099762
bsearch, 46, 1500, 658.0616101026535
bsearch, 49, 1500, 703.4282323122025
bsearch, 10, 2000, 101.12448453903198
bsearch, 13, 2000, 130.78573167324066
bsearch, 16, 2000, 165.8322892189026
bsearch, 19, 2000, 190.10849952697754
bsearch, 22, 2000, 227.8460717201233
bsearch, 25, 2000, 250.85174000263214
bsearch, 28, 2000, 285.38572812080383
bsearch, 31, 2000, 316.6859300136566
bsearch, 34, 2000, 344.18837213516235
bsearch, 37, 2000, 370.6554716825485
bsearch, 40, 2000, 389.15517938137054
bsearch, 43, 2000, 416.6260597705841
bsearch, 46, 2000, 446.66683280467987
bsearch, 49, 2000, 480.3132165670395
bsearch, 10, 2500, 73.80762362480164
bsearch, 13, 2500, 94.06500148773193
bsearch, 16, 2500, 116.05816435813904
bsearch, 19, 2500, 137.5993299484253
bsearch, 22, 2500, 163.98107361793518
bsearch, 25, 2500, 186.4366182088852
bsearch, 28, 2500, 209.89573287963867
bsearch, 31, 2500, 236.0921185016632
bsearch, 34, 2500, 257.69038474559784
bsearch, 37, 2500, 286.47693479061127
bsearch, 40, 2500, 298.8839588165283
bsearch, 43, 2500, 325.8636585474014
bsearch, 46, 2500, 347.80321407318115
bsearch, 49, 2500, 371.3593109846115
bsearch, 10, 3000, 61.00100517272949
bsearch, 13, 3000, 78.1681740283966
bsearch, 16, 3000, 101.55587804317474
bsearch, 19, 3000, 115.61370813846588
bsearch, 22, 3000, 133.20159661769867
bsearch, 25, 3000, 150.33882474899292
bsearch, 28, 3000, 169.77235317230225
bsearch, 31, 3000, 183.14555835723877
bsearch, 34, 3000, 209.4500571489334
bsearch, 37, 3000, 224.9664398431778
bsearch, 40, 3000, 245.1545194387436
bsearch, 43, 3000, 259.4439996480942
bsearch, 46, 3000, 277.02971625328064
bsearch, 49, 3000, 295.6604149341583
bsearch, 10, 3500, 55.04187595844269
bsearch, 13, 3500, 67.33792555332184
bsearch, 16, 3500, 83.05164682865143
bsearch, 19, 3500, 104.7166873216629
bsearch, 22, 3500, 118.7047324180603
bsearch, 25, 3500, 131.74345219135284
bsearch, 28, 3500, 147.45147454738617
bsearch, 31, 3500, 160.79953408241272
bsearch, 34, 3500, 179.1004627943039
bsearch, 37, 3500, 192.46439492702484
bsearch, 40, 3500, 205.6308057308197
bsearch, 43, 3500, 227.2049593925476
bsearch, 46, 3500, 235.77006816864014
bsearch, 49, 3500, 256.14372968673706
bsearch, 10, 4000, 44.1001992225647
bsearch, 13, 4000, 57.13208305835724
bsearch, 16, 4000, 64.59128797054291
bsearch, 19, 4000, 84.5444051027298
bsearch, 22, 4000, 97.61516952514648
bsearch, 25, 4000, 110.70757484436035
bsearch, 28, 4000, 118.7413660287857
bsearch, 31, 4000, 136.67486763000488
bsearch, 34, 4000, 143.27200627326965
bsearch, 37, 4000, 170.58866715431213
bsearch, 40, 4000, 185.10672330856323
bsearch, 43, 4000, 200.92142617702484
bsearch, 46, 4000, 202.89852285385132
bsearch, 49, 4000, 217.06729817390442
bsearch, 10, 4500, 41.485021471977234
bsearch, 13, 4500, 50.027178168296814
bsearch, 16, 4500, 60.697073340415955
bsearch, 19, 4500, 72.38250589370728
bsearch, 22, 4500, 86.9225857257843
bsearch, 25, 4500, 102.80952620506287
bsearch, 28, 4500, 116.85901117324829
bsearch, 31, 4500, 119.95821523666382
bsearch, 34, 4500, 135.82373881340027
bsearch, 37, 4500, 139.42778730392456
bsearch, 40, 4500, 149.87974202632904
bsearch, 43, 4500, 163.0042610168457
bsearch, 46, 4500, 175.76610791683197
bsearch, 49, 4500, 197.67944300174713
bsearch, 10, 5000, 35.02034056186676
bsearch, 13, 5000, 47.888139724731445
bsearch, 16, 5000, 57.18580412864685
bsearch, 19, 5000, 62.58724784851074
bsearch, 22, 5000, 70.76709008216858
bsearch, 25, 5000, 86.92404460906982
bsearch, 28, 5000, 91.00339901447296
bsearch, 31, 5000, 100.67318618297577
bsearch, 34, 5000, 112.51536238193512
bsearch, 37, 5000, 119.13703262805939
bsearch, 40, 5000, 128.60410380363464
bsearch, 43, 5000, 138.79470479488373
bsearch, 46, 5000, 147.46166610717773
bsearch, 49, 5000, 157.8111755847931
bsearch, 10, 5500, 29.402938961982727
bsearch, 13, 5500, 37.792073011398315
bsearch, 16, 5500, 46.999444365501404
bsearch, 19, 5500, 55.51615869998932
bsearch, 22, 5500, 62.28806436061859
bsearch, 25, 5500, 71.01994097232819
bsearch, 28, 5500, 78.12617945671082
bsearch, 31, 5500, 90.21260368824005
bsearch, 34, 5500, 99.10830187797546
bsearch, 37, 5500, 105.78884315490723
bsearch, 40, 5500, 115.19308960437775
bsearch, 43, 5500, 124.65935957431793
bsearch, 46, 5500, 132.78929805755615
bsearch, 49, 5500, 141.63843643665314
bsearch, 10, 6000, 26.400068163871765
bsearch, 13, 6000, 32.68536949157715
bsearch, 16, 6000, 42.20151162147522
bsearch, 19, 6000, 49.410868406295776
bsearch, 22, 6000, 57.98736560344696
bsearch, 25, 6000, 64.10419058799744
bsearch, 28, 6000, 72.80025589466095
bsearch, 31, 6000, 80.65457534790039
bsearch, 34, 6000, 87.0647177696228
bsearch, 37, 6000, 97.2514877319336
bsearch, 40, 6000, 104.18129825592041
bsearch, 43, 6000, 112.72748148441315
bsearch, 46, 6000, 119.89546644687653
bsearch, 49, 6000, 130.41518199443817
bsearch, 10, 6500, 24.5883971452713
bsearch, 13, 6500, 31.764551758766174
bsearch, 16, 6500, 39.05726134777069
bsearch, 19, 6500, 44.62921893596649
bsearch, 22, 6500, 51.77763748168945
bsearch, 25, 6500, 59.72222030162811
bsearch, 28, 6500, 65.27001714706421
bsearch, 31, 6500, 73.03700935840607
bsearch, 34, 6500, 78.60105919837952
bsearch, 37, 6500, 87.85135281085968
bsearch, 40, 6500, 93.49098348617554
bsearch, 43, 6500, 104.57301092147827
bsearch, 46, 6500, 109.43678557872772
bsearch, 49, 6500, 115.09222400188446
bsearch, 10, 7000, 22.443363189697266
bsearch, 13, 7000, 27.78310239315033
bsearch, 16, 7000, 34.61310279369354
bsearch, 19, 7000, 41.37271463871002
bsearch, 22, 7000, 48.686352491378784
bsearch, 25, 7000, 54.7501266002655
bsearch, 28, 7000, 61.26791977882385
bsearch, 31, 7000, 68.79381704330444
bsearch, 34, 7000, 75.11964023113251
bsearch, 37, 7000, 82.29126644134521
bsearch, 40, 7000, 87.37290334701538
bsearch, 43, 7000, 94.88586807250977
bsearch, 46, 7000, 102.33639454841614
bsearch, 49, 7000, 108.51281666755676
bsearch, 10, 7500, 20.61971390247345
bsearch, 13, 7500, 25.82547104358673
bsearch, 16, 7500, 32.34769809246063
bsearch, 19, 7500, 37.97832441329956
bsearch, 22, 7500, 44.48581039905548
bsearch, 25, 7500, 50.177072525024414
bsearch, 28, 7500, 56.3533319234848
bsearch, 31, 7500, 61.662885785102844
bsearch, 34, 7500, 67.56225156784058
bsearch, 37, 7500, 74.34094965457916
bsearch, 40, 7500, 80.7003743648529
bsearch, 43, 7500, 86.08116626739502
bsearch, 46, 7500, 95.1935521364212
bsearch, 49, 7500, 97.86778128147125
bsearch, 10, 8000, 19.120168447494507
bsearch, 13, 8000, 24.384341597557068
bsearch, 16, 8000, 30.07367444038391
bsearch, 19, 8000, 35.82542824745178
bsearch, 22, 8000, 41.94726264476776
bsearch, 25, 8000, 47.20356059074402
bsearch, 28, 8000, 52.15541470050812
bsearch, 31, 8000, 58.324263215065
bsearch, 34, 8000, 62.97530698776245
bsearch, 37, 8000, 69.11841022968292
bsearch, 40, 8000, 74.82810723781586
bsearch, 43, 8000, 81.49178683757782
bsearch, 46, 8000, 86.63544058799744
bsearch, 49, 8000, 91.72861468791962
bsearch, 10, 8500, 17.862344980239868
bsearch, 13, 8500, 22.522740244865417
bsearch, 16, 8500, 27.62069880962372
bsearch, 19, 8500, 32.92666029930115
bsearch, 22, 8500, 38.14083111286163
bsearch, 25, 8500, 44.058674335479736
bsearch, 28, 8500, 49.635427355766296
bsearch, 31, 8500, 54.24200677871704
bsearch, 34, 8500, 59.89813196659088
bsearch, 37, 8500, 64.85330426692963
bsearch, 40, 8500, 69.38477981090546
bsearch, 43, 8500, 74.56969082355499
bsearch, 46, 8500, 80.22974908351898
bsearch, 49, 8500, 87.04329788684845
cap, 10, 1000, 117.6826720237732
cap, 13, 1000, 149.55909895896912
cap, 16, 1000, 185.99703073501587
cap, 19, 1000, 218.188383102417
cap, 22, 1000, 253.38222408294678
cap, 25, 1000, 287.45644867420197
cap, 28, 1000, 319.5114059448242
cap, 31, 1000, 356.84348821640015
cap, 34, 1000, 391.9606363773346
cap, 37, 1000, 435.01970636844635
cap, 40, 1000, 469.80429542064667
cap, 43, 1000, 504.9256548881531
cap, 46, 1000, 529.3070327043533
cap, 49, 1000, 651.5796101093292
cap, 10, 1500, 81.19678521156311
cap, 13, 1500, 123.01467299461365
cap, 16, 1500, 126.67969691753387
cap, 19, 1500, 128.74083995819092
cap, 22, 1500, 140.5108197927475
cap, 25, 1500, 188.5637984275818
cap, 28, 1500, 195.88117504119873
cap, 31, 1500, 279.22621488571167
cap, 34, 1500, 232.37086951732635
cap, 37, 1500, 288.2389760017395
cap, 40, 1500, 268.7481106519699
cap, 43, 1500, 293.3326253890991
cap, 46, 1500, 302.1156624555588
cap, 49, 1500, 312.9484975337982
cap, 10, 2000, 44.29428839683533
cap, 13, 2000, 59.1512291431427
cap, 16, 2000, 71.38103771209717
cap, 19, 2000, 88.84169661998749
cap, 22, 2000, 112.19358086585999
cap, 25, 2000, 115.50495862960815
cap, 28, 2000, 132.46359133720398
cap, 31, 2000, 149.98919367790222
cap, 34, 2000, 156.51130068302155
cap, 37, 2000, 170.05659580230713
cap, 40, 2000, 185.4752002954483
cap, 43, 2000, 199.91541230678558
cap, 46, 2000, 215.10436975955963
cap, 49, 2000, 232.15473449230194
cap, 10, 2500, 40.14476215839386
cap, 13, 2500, 47.340290904045105
cap, 16, 2500, 58.06477463245392
cap, 19, 2500, 71.18087720870972
cap, 22, 2500, 80.5006114244461
cap, 25, 2500, 93.67392122745514
cap, 28, 2500, 112.89016628265381
cap, 31, 2500, 118.71776926517487
cap, 34, 2500, 128.40787279605865
cap, 37, 2500, 140.51063799858093
cap, 40, 2500, 159.0723659992218
cap, 43, 2500, 166.1491198539734
cap, 46, 2500, 169.27712082862854
cap, 49, 2500, 181.75235450267792
cap, 10, 3000, 27.42449963092804
cap, 13, 3000, 36.126177191734314
cap, 16, 3000, 49.93538057804108
cap, 19, 3000, 53.43824863433838
cap, 22, 3000, 61.65935444831848
cap, 25, 3000, 70.74107599258423
cap, 28, 3000, 79.56290411949158
cap, 31, 3000, 87.58105683326721
cap, 34, 3000, 94.30697274208069
cap, 37, 3000, 108.29950165748596
cap, 40, 3000, 112.78145897388458
cap, 43, 3000, 118.59588086605072
cap, 46, 3000, 129.16460728645325
cap, 49, 3000, 137.44268321990967
cap, 10, 3500, 23.109540104866028
cap, 13, 3500, 31.30984139442444
cap, 16, 3500, 37.4409921169281
cap, 19, 3500, 44.194382667541504
cap, 22, 3500, 51.26356256008148
cap, 25, 3500, 58.02736532688141
cap, 28, 3500, 66.69014024734497
cap, 31, 3500, 73.33264923095703
cap, 34, 3500, 80.314648270607
cap, 37, 3500, 89.4213855266571
cap, 40, 3500, 93.6027227640152
cap, 43, 3500, 105.66761147975922
cap, 46, 3500, 126.31285047531128
cap, 49, 3500, 135.89565789699554
cap, 10, 4000, 27.518810510635376
cap, 13, 4000, 32.07076334953308
cap, 16, 4000, 36.760050773620605
cap, 19, 4000, 45.60547971725464
cap, 22, 4000, 52.0951566696167
cap, 25, 4000, 57.71689176559448
cap, 28, 4000, 64.59301483631134
cap, 31, 4000, 71.1068046092987
cap, 34, 4000, 75.26771366596222
cap, 37, 4000, 87.2452335357666
cap, 40, 4000, 94.66357517242432
cap, 43, 4000, 99.15681993961334
cap, 46, 4000, 105.95137047767639
cap, 49, 4000, 113.72096693515778
cap, 10, 4500, 20.719830632209778
cap, 13, 4500, 26.156464457511902
cap, 16, 4500, 28.15359401702881
cap, 19, 4500, 33.2137496471405
cap, 22, 4500, 43.36716949939728
cap, 25, 4500, 44.76730442047119
cap, 28, 4500, 49.09834182262421
cap, 31, 4500, 54.37875413894653
cap, 34, 4500, 60.09758973121643
cap, 37, 4500, 64.52764678001404
cap, 40, 4500, 70.59292697906494
cap, 43, 4500, 75.3286155462265
cap, 46, 4500, 79.77057766914368
cap, 49, 4500, 85.423832654953
cap, 10, 5000, 15.893903732299805
cap, 13, 5000, 20.41450595855713
cap, 16, 5000, 24.81104302406311
cap, 19, 5000, 29.804922461509705
cap, 22, 5000, 34.17463755607605
cap, 25, 5000, 39.773130893707275
cap, 28, 5000, 44.49609100818634
cap, 31, 5000, 49.81949019432068
cap, 34, 5000, 53.542388677597046
cap, 37, 5000, 58.69554150104523
cap, 40, 5000, 63.16011703014374
cap, 43, 5000, 67.9925742149353
cap, 46, 5000, 80.21723258495331
cap, 49, 5000, 80.72808825969696
cap, 10, 5500, 13.993211150169373
cap, 13, 5500, 17.823497891426086
cap, 16, 5500, 22.007047295570374
cap, 19, 5500, 25.888527631759644
cap, 22, 5500, 30.788158774375916
cap, 25, 5500, 34.931137919425964
cap, 28, 5500, 39.46722364425659
cap, 31, 5500, 43.48917520046234
cap, 34, 5500, 47.21044874191284
cap, 37, 5500, 52.08874070644379
cap, 40, 5500, 55.519134640693665
cap, 43, 5500, 61.60755693912506
cap, 46, 5500, 66.95413315296173
cap, 49, 5500, 68.68901801109314
cap, 10, 6000, 12.233645915985107
cap, 13, 6000, 16.278868198394775
cap, 16, 6000, 19.909435272216797
cap, 19, 6000, 23.64217257499695
cap, 22, 6000, 27.68607258796692
cap, 25, 6000, 33.62596654891968
cap, 28, 6000, 36.76540756225586
cap, 31, 6000, 40.78376126289368
cap, 34, 6000, 44.81877624988556
cap, 37, 6000, 46.74401867389679
cap, 40, 6000, 54.4859162569046
cap, 43, 6000, 54.24899971485138
cap, 46, 6000, 59.53302085399628
cap, 49, 6000, 65.6975063085556
cap, 10, 6500, 12.150063753128052
cap, 13, 6500, 15.607171177864075
cap, 16, 6500, 19.184450387954712
cap, 19, 6500, 23.203932762145996
cap, 22, 6500, 26.645630955696106
cap, 25, 6500, 31.238004088401794
cap, 28, 6500, 33.66114330291748
cap, 31, 6500, 39.050000071525574
cap, 34, 6500, 45.43491804599762
cap, 37, 6500, 43.59848642349243
cap, 40, 6500, 50.16547727584839
cap, 43, 6500, 52.94838321208954
cap, 46, 6500, 57.50272476673126
cap, 49, 6500, 62.72746276855469
cap, 10, 7000, 11.686931729316711
cap, 13, 7000, 14.611849904060364
cap, 16, 7000, 18.089347004890442
cap, 19, 7000, 22.83698606491089
cap, 22, 7000, 25.90590000152588
cap, 25, 7000, 28.47843897342682
cap, 28, 7000, 34.776426553726196
cap, 31, 7000, 45.49196398258209
cap, 34, 7000, 43.701627016067505
cap, 37, 7000, 46.00143504142761
cap, 40, 7000, 47.499656200408936
cap, 43, 7000, 51.06959855556488
cap, 46, 7000, 55.35677647590637
cap, 49, 7000, 60.67041087150574
cap, 10, 7500, 15.096582293510437
cap, 13, 7500, 14.526818752288818
cap, 16, 7500, 18.265973925590515
cap, 19, 7500, 22.960533499717712
cap, 22, 7500, 26.850008010864258
cap, 25, 7500, 30.62296175956726
cap, 28, 7500, 33.2681804895401
cap, 31, 7500, 42.217960238456726
cap, 34, 7500, 40.70637512207031
cap, 37, 7500, 40.947662591934204
cap, 40, 7500, 43.883803486824036
cap, 43, 7500, 50.74570822715759
cap, 46, 7500, 58.08146023750305
cap, 49, 7500, 59.33879029750824
cap, 10, 8000, 15.186182260513306
cap, 13, 8000, 19.051517367362976
cap, 16, 8000, 26.422168374061584
cap, 19, 8000, 23.340201377868652
cap, 22, 8000, 22.49556028842926
cap, 25, 8000, 26.713136315345764
cap, 28, 8000, 27.844421982765198
cap, 31, 8000, 31.764899253845215
cap, 34, 8000, 36.41815364360809
cap, 37, 8000, 34.171799421310425
cap, 40, 8000, 36.96350133419037
cap, 43, 8000, 42.4782634973526
cap, 46, 8000, 44.55626034736633
cap, 49, 8000, 52.26991295814514
cap, 10, 8500, 14.582894682884216
cap, 13, 8500, 16.29188561439514
cap, 16, 8500, 14.307580590248108
cap, 19, 8500, 16.435759902000427
cap, 22, 8500, 20.750661849975586
cap, 25, 8500, 21.500223875045776
cap, 28, 8500, 24.098782062530518
cap, 31, 8500, 28.08870840072632
cap, 34, 8500, 30.85837948322296
cap, 37, 8500, 33.95210301876068
cap, 40, 8500, 34.59807312488556
cap, 43, 8500, 37.92213010787964
cap, 46, 8500, 45.73380935192108
cap, 49, 8500, 48.188636898994446
chmod, 10, 1000, 135.17523634433746
chmod, 13, 1000, 179.60901081562042
chmod, 16, 1000, 208.39494705200195
chmod, 19, 1000, 310.42747581005096
chmod, 22, 1000, 341.25088572502136
chmod, 25, 1000, 415.80495607852936
chmod, 28, 1000, 442.7257685661316
chmod, 31, 1000, 493.72705721855164
chmod, 34, 1000, 561.1764607429504
chmod, 37, 1000, 608.5104891061783
chmod, 40, 1000, 667.4321682453156
chmod, 43, 1000, 720.1501314640045
chmod, 46, 1000, 522.7568180561066
chmod, 49, 1000, 492.1535313129425
chmod, 10, 1500, 53.03372645378113
chmod, 13, 1500, 65.93429863452911
chmod, 16, 1500, 85.79195261001587
chmod, 19, 1500, 100.33534681797028
chmod, 22, 1500, 116.94838678836823
chmod, 25, 1500, 135.1025253534317
chmod, 28, 1500, 152.67421197891235
chmod, 31, 1500, 166.29256641864777
chmod, 34, 1500, 179.8935352563858
chmod, 37, 1500, 198.649023771286
chmod, 40, 1500, 217.36625504493713
chmod, 43, 1500, 224.88822770118713
chmod, 46, 1500, 255.4127492904663
chmod, 49, 1500, 260.0998592376709
chmod, 10, 2000, 45.69871270656586
chmod, 13, 2000, 59.12814939022064
chmod, 16, 2000, 73.39789724349976
chmod, 19, 2000, 85.88776433467865
chmod, 22, 2000, 103.42180240154266
chmod, 25, 2000, 116.13934981822968
chmod, 28, 2000, 132.5327444076538
chmod, 31, 2000, 143.40242850780487
chmod, 34, 2000, 159.7367856502533
chmod, 37, 2000, 171.09466445446014
chmod, 40, 2000, 182.19559359550476
chmod, 43, 2000, 204.80946373939514
chmod, 46, 2000, 206.38319146633148
chmod, 49, 2000, 233.9735106229782
chmod, 10, 2500, 36.76485896110535
chmod, 13, 2500, 48.222370624542236
chmod, 16, 2500, 60.28763258457184
chmod, 19, 2500, 67.51702988147736
chmod, 22, 2500, 82.2852064371109
chmod, 25, 2500, 97.43671262264252
chmod, 28, 2500, 107.8697258234024
chmod, 31, 2500, 119.17280066013336
chmod, 34, 2500, 127.64829957485199
chmod, 37, 2500, 138.46831619739532
chmod, 40, 2500, 145.5191924571991
chmod, 43, 2500, 163.87374198436737
chmod, 46, 2500, 173.68436121940613
chmod, 49, 2500, 181.8734667301178
chmod, 10, 3000, 19.909873485565186
chmod, 13, 3000, 39.49425137042999
chmod, 16, 3000, 48.81902813911438
chmod, 19, 3000, 57.28628170490265
chmod, 22, 3000, 71.25055861473083
chmod, 25, 3000, 76.01092648506165
chmod, 28, 3000, 81.42105305194855
chmod, 31, 3000, 94.20660650730133
chmod, 34, 3000, 101.30343306064606
chmod, 37, 3000, 111.94886219501495
chmod, 40, 3000, 121.16219425201416
chmod, 43, 3000, 131.83584082126617
chmod, 46, 3000, 138.78654778003693
chmod, 49, 3000, 150.85273897647858
chmod, 10, 3500, 23.24525272846222
chmod, 13, 3500, 30.462729454040527
chmod, 16, 3500, 38.23450696468353
chmod, 19, 3500, 45.551714062690735
chmod, 22, 3500, 54.0477432012558
chmod, 25, 3500, 58.15868926048279
chmod, 28, 3500, 66.61246335506439
chmod, 31, 3500, 73.67649352550507
chmod, 34, 3500, 68.94124388694763
chmod, 37, 3500, 76.64188706874847
chmod, 40, 3500, 80.32735180854797
chmod, 43, 3500, 84.65087640285492
chmod, 46, 3500, 95.19603896141052
chmod, 49, 3500, 95.50396418571472
chmod, 10, 4000, 16.5735524892807
chmod, 13, 4000, 21.23599660396576
chmod, 16, 4000, 26.756731510162354
chmod, 19, 4000, 31.591677069664
chmod, 22, 4000, 35.94056499004364
chmod, 25, 4000, 37.96571660041809
chmod, 28, 4000, 44.68978774547577
chmod, 31, 4000, 45.17285704612732
chmod, 34, 4000, 49.349804520606995
chmod, 37, 4000, 52.94531571865082
chmod, 40, 4000, 59.59545564651489
chmod, 43, 4000, 64.38495314121246
chmod, 46, 4000, 71.07366156578064
chmod, 49, 4000, 77.70048749446869
chmod, 10, 4500, 13.567376852035522
chmod, 13, 4500, 18.272571563720703
chmod, 16, 4500, 23.457632184028625
chmod, 19, 4500, 27.289146184921265
chmod, 22, 4500, 30.83360242843628
chmod, 25, 4500, 36.46420872211456
chmod, 28, 4500, 40.916353821754456
chmod, 31, 4500, 44.864672780036926
chmod, 34, 4500, 48.56287956237793
chmod, 37, 4500, 52.473289132118225
chmod, 40, 4500, 55.9891437292099
chmod, 43, 4500, 61.54884958267212
chmod, 46, 4500, 65.76356613636017
chmod, 49, 4500, 69.84770786762238
chmod, 10, 5000, 14.277997493743896
chmod, 13, 5000, 17.916524171829224
chmod, 16, 5000, 22.168962836265564
chmod, 19, 5000, 26.658490300178528
chmod, 22, 5000, 30.907786011695862
chmod, 25, 5000, 35.250356912612915
chmod, 28, 5000, 38.8071551322937
chmod, 31, 5000, 43.55066382884979
chmod, 34, 5000, 47.41564428806305
chmod, 37, 5000, 51.96360754966736
chmod, 40, 5000, 56.51061987876892
chmod, 43, 5000, 60.73455858230591
chmod, 46, 5000, 64.99095582962036
chmod, 49, 5000, 68.4694755077362
chmod, 10, 5500, 13.820162653923035
chmod, 13, 5500, 17.5105082988739
chmod, 16, 5500, 21.920701384544373
chmod, 19, 5500, 25.75225865840912
chmod, 22, 5500, 30.339797973632812
chmod, 25, 5500, 34.68175029754639
chmod, 28, 5500, 38.20913279056549
chmod, 31, 5500, 41.94514882564545
chmod, 34, 5500, 46.612860441207886
chmod, 37, 5500, 49.99311101436615
chmod, 40, 5500, 53.85197389125824
chmod, 43, 5500, 58.500221848487854
chmod, 46, 5500, 63.80584716796875
chmod, 49, 5500, 66.1973956823349
chmod, 10, 6000, 13.2962327003479
chmod, 13, 6000, 17.19392716884613
chmod, 16, 6000, 21.188013076782227
chmod, 19, 6000, 25.742809772491455
chmod, 22, 6000, 29.60462737083435
chmod, 25, 6000, 33.86133289337158
chmod, 28, 6000, 37.67652118206024
chmod, 31, 6000, 42.04511618614197
chmod, 34, 6000, 46.79292929172516
chmod, 37, 6000, 49.50846254825592
chmod, 40, 6000, 54.39358472824097
chmod, 43, 6000, 58.90408277511597
chmod, 46, 6000, 62.449912667274475
chmod, 49, 6000, 66.7770367860794
chmod, 10, 6500, 13.668497204780579
chmod, 13, 6500, 17.154441475868225
chmod, 16, 6500, 21.352708339691162
chmod, 19, 6500, 25.29455542564392
chmod, 22, 6500, 28.527942419052124
chmod, 25, 6500, 33.230642199516296
chmod, 28, 6500, 38.13215398788452
chmod, 31, 6500, 42.853896737098694
chmod, 34, 6500, 46.41176080703735
chmod, 37, 6500, 48.83991265296936
chmod, 40, 6500, 53.57954382896423
chmod, 43, 6500, 58.27317821979523
chmod, 46, 6500, 61.50549101829529
chmod, 49, 6500, 65.8986634016037
chmod, 10, 7000, 13.079044818878174
chmod, 13, 7000, 16.9689998626709
chmod, 16, 7000, 21.304331302642822
chmod, 19, 7000, 25.12397265434265
chmod, 22, 7000, 29.446791410446167
chmod, 25, 7000, 33.319828510284424
chmod, 28, 7000, 36.126582741737366
chmod, 31, 7000, 41.73262703418732
chmod, 34, 7000, 45.880964398384094
chmod, 37, 7000, 49.82921385765076
chmod, 40, 7000, 54.422988414764404
chmod, 43, 7000, 59.49991858005524
chmod, 46, 7000, 62.41840875148773
chmod, 49, 7000, 65.81359684467316
chmod, 10, 7500, 13.237278580665588
chmod, 13, 7500, 17.218896508216858
chmod, 16, 7500, 21.153708577156067
chmod, 19, 7500, 26.449692249298096
chmod, 22, 7500, 31.419005393981934
chmod, 25, 7500, 35.44255840778351
chmod, 28, 7500, 38.46316397190094
chmod, 31, 7500, 41.27902567386627
chmod, 34, 7500, 47.1720335483551
chmod, 37, 7500, 50.112414836883545
chmod, 40, 7500, 53.15265357494354
chmod, 43, 7500, 57.900057911872864
chmod, 46, 7500, 63.071590065956116
chmod, 49, 7500, 66.29234516620636
chmod, 10, 8000, 14.118332147598267
chmod, 13, 8000, 18.416577696800232
chmod, 16, 8000, 20.91132354736328
chmod, 19, 8000, 24.76605522632599
chmod, 22, 8000, 28.69906795024872
chmod, 25, 8000, 35.65858268737793
chmod, 28, 8000, 37.163007855415344
chmod, 31, 8000, 42.168139934539795
chmod, 34, 8000, 45.587321281433105
chmod, 37, 8000, 51.022316455841064
chmod, 40, 8000, 55.2786648273468
chmod, 43, 8000, 59.61020481586456
chmod, 46, 8000, 63.512482047080994
chmod, 49, 8000, 66.50689995288849
chmod, 10, 8500, 13.472717642784119
chmod, 13, 8500, 17.466792702674866
chmod, 16, 8500, 22.28963613510132
chmod, 19, 8500, 26.725062131881714
chmod, 22, 8500, 29.598927855491638
chmod, 25, 8500, 34.51753342151642
chmod, 28, 8500, 38.91953122615814
chmod, 31, 8500, 42.159852743148804
chmod, 34, 8500, 47.165878772735596
chmod, 37, 8500, 49.78553903102875
chmod, 40, 8500, 55.211875796318054
chmod, 43, 8500, 59.13964641094208
chmod, 46, 8500, 62.242247581481934
chmod, 49, 8500, 67.4689712524414
memcpy, 10, 1000, 105.47759163379669
memcpy, 13, 1000, 140.81905376911163
memcpy, 16, 1000, 173.48748469352722
memcpy, 19, 1000, 211.35760939121246
memcpy, 22, 1000, 233.30600607395172
memcpy, 25, 1000, 246.2000768184662
memcpy, 28, 1000, 282.8043780326843
memcpy, 31, 1000, 319.1895670890808
memcpy, 34, 1000, 349.9564176797867
memcpy, 37, 1000, 390.19488644599915
memcpy, 40, 1000, 446.5450407266617
memcpy, 43, 1000, 468.8934841156006
memcpy, 46, 1000, 469.310222864151
memcpy, 49, 1000, 508.4090356826782
memcpy, 10, 1500, 69.87863397598267
memcpy, 13, 1500, 92.01686728000641
memcpy, 16, 1500, 118.27225613594055
memcpy, 19, 1500, 139.55007934570312
memcpy, 22, 1500, 163.4383475780487
memcpy, 25, 1500, 187.4810427427292
memcpy, 28, 1500, 202.8959662914276
memcpy, 31, 1500, 225.76487350463867
memcpy, 34, 1500, 247.46830701828003
memcpy, 37, 1500, 274.9422574043274
memcpy, 40, 1500, 296.414999961853
memcpy, 43, 1500, 322.6632698774338
memcpy, 46, 1500, 338.5045465230942
memcpy, 49, 1500, 363.8356683254242
memcpy, 10, 2000, 53.86838233470917
memcpy, 13, 2000, 66.99196934700012
memcpy, 16, 2000, 84.22054398059845
memcpy, 19, 2000, 105.39615976810455
memcpy, 22, 2000, 121.32809376716614
memcpy, 25, 2000, 138.84718680381775
memcpy, 28, 2000, 155.98498797416687
memcpy, 31, 2000, 171.48539519309998
memcpy, 34, 2000, 190.7022407054901
memcpy, 37, 2000, 204.85920250415802
memcpy, 40, 2000, 221.92568457126617
memcpy, 43, 2000, 238.78355646133423
memcpy, 46, 2000, 257.7685500383377
memcpy, 49, 2000, 271.918080329895
memcpy, 10, 2500, 47.41267788410187
memcpy, 13, 2500, 61.58186686038971
memcpy, 16, 2500, 75.91942155361176
memcpy, 19, 2500, 89.90670275688171
memcpy, 22, 2500, 104.12339389324188
memcpy, 25, 2500, 118.30634081363678
memcpy, 28, 2500, 132.42402112483978
memcpy, 31, 2500, 146.25518083572388
memcpy, 34, 2500, 161.24853444099426
memcpy, 37, 2500, 174.81428134441376
memcpy, 40, 2500, 189.36077880859375
memcpy, 43, 2500, 204.84766912460327
memcpy, 46, 2500, 218.6401402950287
memcpy, 49, 2500, 228.53966999053955
memcpy, 10, 3000, 37.43075215816498
memcpy, 13, 3000, 47.69252789020538
memcpy, 16, 3000, 57.927629828453064
memcpy, 19, 3000, 71.60300326347351
memcpy, 22, 3000, 84.21362054347992
memcpy, 25, 3000, 96.93914902210236
memcpy, 28, 3000, 108.15187561511993
memcpy, 31, 3000, 118.90632045269012
memcpy, 34, 3000, 131.1402988433838
memcpy, 37, 3000, 141.78284692764282
memcpy, 40, 3000, 153.69036412239075
memcpy, 43, 3000, 164.95122385025024
memcpy, 46, 3000, 177.40821814537048
memcpy, 49, 3000, 189.24064373970032
memcpy, 10, 3500, 32.89858138561249
memcpy, 13, 3500, 42.92764592170715
memcpy, 16, 3500, 52.31670892238617
memcpy, 19, 3500, 63.78550624847412
memcpy, 22, 3500, 73.3427859544754
memcpy, 25, 3500, 83.18892240524292
memcpy, 28, 3500, 93.32947266101837
memcpy, 31, 3500, 104.0081524848938
memcpy, 34, 3500, 112.16150093078613
memcpy, 37, 3500, 123.74055433273315
memcpy, 40, 3500, 133.95690608024597
memcpy, 43, 3500, 144.24802100658417
memcpy, 46, 3500, 154.27480137348175
memcpy, 49, 3500, 164.57626581192017
memcpy, 10, 4000, 29.54182267189026
memcpy, 13, 4000, 37.98902750015259
memcpy, 16, 4000, 45.764498233795166
memcpy, 19, 4000, 55.16827118396759
memcpy, 22, 4000, 64.00546443462372
memcpy, 25, 4000, 72.50725221633911
memcpy, 28, 4000, 83.86305642127991
memcpy, 31, 4000, 92.95649707317352
memcpy, 34, 4000, 102.04276740550995
memcpy, 37, 4000, 112.05518627166748
memcpy, 40, 4000, 119.85963678359985
memcpy, 43, 4000, 129.1230046749115
memcpy, 46, 4000, 138.01057088375092
memcpy, 49, 4000, 147.50219404697418
memcpy, 10, 4500, 25.59818422794342
memcpy, 13, 4500, 33.74463331699371
memcpy, 16, 4500, 41.65019142627716
memcpy, 19, 4500, 48.771807074546814
memcpy, 22, 4500, 56.461451172828674
memcpy, 25, 4500, 64.34814500808716
memcpy, 28, 4500, 71.3908371925354
memcpy, 31, 4500, 79.51571989059448
memcpy, 34, 4500, 88.04639518260956
memcpy, 37, 4500, 94.9833652973175
memcpy, 40, 4500, 102.93923628330231
memcpy, 43, 4500, 110.52663791179657
memcpy, 46, 4500, 118.3064501285553
memcpy, 49, 4500, 125.56054425239563
memcpy, 10, 5000, 22.89903962612152
memcpy, 13, 5000, 27.160570740699768
memcpy, 16, 5000, 34.42109405994415
memcpy, 19, 5000, 40.10010814666748
memcpy, 22, 5000, 50.225356340408325
memcpy, 25, 5000, 62.75170361995697
memcpy, 28, 5000, 67.01928544044495
memcpy, 31, 5000, 73.01295709609985
memcpy, 34, 5000, 80.96492731571198
memcpy, 37, 5000, 88.74492728710175
memcpy, 40, 5000, 96.27589058876038
memcpy, 43, 5000, 102.64757549762726
memcpy, 46, 5000, 111.61109900474548
memcpy, 49, 5000, 117.53284573554993
memcpy, 10, 5500, 20.671285271644592
memcpy, 13, 5500, 26.409761548042297
memcpy, 16, 5500, 34.299437403678894
memcpy, 19, 5500, 41.23692214488983
memcpy, 22, 5500, 47.705352783203125
memcpy, 25, 5500, 54.66368079185486
memcpy, 28, 5500, 60.80729103088379
memcpy, 31, 5500, 67.37924265861511
memcpy, 34, 5500, 73.20579886436462
memcpy, 37, 5500, 80.3453723192215
memcpy, 40, 5500, 86.64958822727203
memcpy, 43, 5500, 93.30905342102051
memcpy, 46, 5500, 99.99428951740265
memcpy, 49, 5500, 107.06178617477417
memcpy, 10, 6000, 19.89248776435852
memcpy, 13, 6000, 25.67780637741089
memcpy, 16, 6000, 31.850677967071533
memcpy, 19, 6000, 38.50956916809082
memcpy, 22, 6000, 43.899412393569946
memcpy, 25, 6000, 49.832131028175354
memcpy, 28, 6000, 55.6554981470108
memcpy, 31, 6000, 61.902483105659485
memcpy, 34, 6000, 69.35828948020935
memcpy, 37, 6000, 73.23076152801514
memcpy, 40, 6000, 78.37324845790863
memcpy, 43, 6000, 86.00036108493805
memcpy, 46, 6000, 91.77664816379547
memcpy, 49, 6000, 98.24832963943481
memcpy, 10, 6500, 19.44708025455475
memcpy, 13, 6500, 25.085938930511475
memcpy, 16, 6500, 30.400096654891968
memcpy, 19, 6500, 34.28369677066803
memcpy, 22, 6500, 38.6790976524353
memcpy, 25, 6500, 41.894742131233215
memcpy, 28, 6500, 46.4554728269577
memcpy, 31, 6500, 52.269296646118164
memcpy, 34, 6500, 57.038031339645386
memcpy, 37, 6500, 60.11561477184296
memcpy, 40, 6500, 66.29192471504211
memcpy, 43, 6500, 73.0854297876358
memcpy, 46, 6500, 76.24360299110413
memcpy, 49, 6500, 82.6659095287323
memcpy, 10, 7000, 16.652743101119995
memcpy, 13, 7000, 21.735916256904602
memcpy, 16, 7000, 27.741276144981384
memcpy, 19, 7000, 32.335079312324524
memcpy, 22, 7000, 35.92495036125183
memcpy, 25, 7000, 40.043944120407104
memcpy, 28, 7000, 43.57549262046814
memcpy, 31, 7000, 48.69838297367096
memcpy, 34, 7000, 53.125805377960205
memcpy, 37, 7000, 58.414674043655396
memcpy, 40, 7000, 61.68393409252167
memcpy, 43, 7000, 65.45059847831726
memcpy, 46, 7000, 69.58188426494598
memcpy, 49, 7000, 76.46071648597717
memcpy, 10, 7500, 14.71653664112091
memcpy, 13, 7500, 19.21320939064026
memcpy, 16, 7500, 24.036611795425415
memcpy, 19, 7500, 28.036736249923706
memcpy, 22, 7500, 32.02006256580353
memcpy, 25, 7500, 37.22397553920746
memcpy, 28, 7500, 41.411389231681824
memcpy, 31, 7500, 45.35589003562927
memcpy, 34, 7500, 50.0326087474823
memcpy, 37, 7500, 53.66009521484375
memcpy, 40, 7500, 59.99486029148102
memcpy, 43, 7500, 63.260011076927185
memcpy, 46, 7500, 66.8840662240982
memcpy, 49, 7500, 72.4150459766388
memcpy, 10, 8000, 14.706843614578247
memcpy, 13, 8000, 19.796295404434204
memcpy, 16, 8000, 25.052459478378296
memcpy, 19, 8000, 30.52075695991516
memcpy, 22, 8000, 32.919872999191284
memcpy, 25, 8000, 35.90613269805908
memcpy, 28, 8000, 39.56351351737976
memcpy, 31, 8000, 42.91946578025818
memcpy, 34, 8000, 46.627053022384644
memcpy, 37, 8000, 49.36123073101044
memcpy, 40, 8000, 56.1505982875824
memcpy, 43, 8000, 59.66991448402405
memcpy, 46, 8000, 63.49270057678223
memcpy, 49, 8000, 67.78406417369843
memcpy, 10, 8500, 13.262054800987244
memcpy, 13, 8500, 17.420776844024658
memcpy, 16, 8500, 21.079449772834778
memcpy, 19, 8500, 25.256768584251404
memcpy, 22, 8500, 29.067387223243713
memcpy, 25, 8500, 32.898882031440735
memcpy, 28, 8500, 37.191656708717346
memcpy, 31, 8500, 39.73303246498108
memcpy, 34, 8500, 43.35726451873779
memcpy, 37, 8500, 48.36253762245178
memcpy, 40, 8500, 51.78234422206879
memcpy, 43, 8500, 55.14301598072052
memcpy, 46, 8500, 57.86706244945526
memcpy, 49, 8500, 63.29407250881195
vecmath, 10, 1000, 172.97092056274414
vecmath, 13, 1000, 240.3003761768341
vecmath, 16, 1000, 288.30117666721344
vecmath, 19, 1000, 344.09032940864563
vecmath, 22, 1000, 405.47344756126404
vecmath, 25, 1000, 460.3051323890686
vecmath, 28, 1000, 499.9155262708664
vecmath, 31, 1000, 546.6947129964828
vecmath, 34, 1000, 607.1664700508118
vecmath, 37, 1000, 652.8091839551926
vecmath, 40, 1000, 719.7613294124603
vecmath, 43, 1000, 764.8828283548355
vecmath, 46, 1000, 818.2581092119217
vecmath, 49, 1000, 863.8089718818665
vecmath, 10, 1500, 109.98720133304596
vecmath, 13, 1500, 142.79422998428345
vecmath, 16, 1500, 172.04409885406494
vecmath, 19, 1500, 209.6094994544983
vecmath, 22, 1500, 236.0972192287445
vecmath, 25, 1500, 268.3889203071594
vecmath, 28, 1500, 300.0788551568985
vecmath, 31, 1500, 330.8876166343689
vecmath, 34, 1500, 359.15872061252594
vecmath, 37, 1500, 391.39373672008514
vecmath, 40, 1500, 421.6214325428009
vecmath, 43, 1500, 456.8267469406128
vecmath, 46, 1500, 485.53860652446747
vecmath, 49, 1500, 521.3505804538727
vecmath, 10, 2000, 67.25743997097015
vecmath, 13, 2000, 89.02864241600037
vecmath, 16, 2000, 108.71637547016144
vecmath, 19, 2000, 130.41717326641083
vecmath, 22, 2000, 151.61050021648407
vecmath, 25, 2000, 171.3155438899994
vecmath, 28, 2000, 191.00210320949554
vecmath, 31, 2000, 209.41949260234833
vecmath, 34, 2000, 233.84137785434723
vecmath, 37, 2000, 253.8370761871338
vecmath, 40, 2000, 271.02785861492157
vecmath, 43, 2000, 293.4886635541916
vecmath, 46, 2000, 312.9857145547867
vecmath, 49, 2000, 332.43036007881165
vecmath, 10, 2500, 54.602774143218994
vecmath, 13, 2500, 72.03985798358917
vecmath, 16, 2500, 87.77391123771667
vecmath, 19, 2500, 104.85343992710114
vecmath, 22, 2500, 120.77558541297913
vecmath, 25, 2500, 136.6445939540863
vecmath, 28, 2500, 157.4919397830963
vecmath, 31, 2500, 170.18316042423248
vecmath, 34, 2500, 187.70258688926697
vecmath, 37, 2500, 203.9331213235855
vecmath, 40, 2500, 218.537970662117
vecmath, 43, 2500, 234.98633205890656
vecmath, 46, 2500, 257.99992978572845
vecmath, 49, 2500, 272.2769854068756
vecmath, 10, 3000, 43.590330839157104
vecmath, 13, 3000, 56.83822441101074
vecmath, 16, 3000, 71.72746062278748
vecmath, 19, 3000, 80.66069257259369
vecmath, 22, 3000, 98.01495599746704
vecmath, 25, 3000, 110.07653868198395
vecmath, 28, 3000, 125.39720344543457
vecmath, 31, 3000, 136.32253575325012
vecmath, 34, 3000, 151.94122099876404
vecmath, 37, 3000, 162.18980705738068
vecmath, 40, 3000, 177.8426125049591
vecmath, 43, 3000, 195.54967284202576
vecmath, 46, 3000, 204.65706968307495
vecmath, 49, 3000, 214.90077185630798
vecmath, 10, 3500, 37.363383769989014
vecmath, 13, 3500, 48.64188206195831
vecmath, 16, 3500, 58.1417191028595
vecmath, 19, 3500, 71.06083106994629
vecmath, 22, 3500, 82.2763534784317
vecmath, 25, 3500, 94.27537047863007
vecmath, 28, 3500, 101.62143051624298
vecmath, 31, 3500, 112.04639637470245
vecmath, 34, 3500, 120.71288764476776
vecmath, 37, 3500, 131.33840656280518
vecmath, 40, 3500, 142.22428691387177
vecmath, 43, 3500, 151.42423141002655
vecmath, 46, 3500, 164.59714555740356
vecmath, 49, 3500, 173.83830320835114
vecmath, 10, 4000, 30.060827136039734
vecmath, 13, 4000, 37.700936794281006
vecmath, 16, 4000, 46.472229957580566
vecmath, 19, 4000, 56.49807786941528
vecmath, 22, 4000, 64.26636803150177
vecmath, 25, 4000, 73.32286179065704
vecmath, 28, 4000, 82.17611503601074
vecmath, 31, 4000, 90.58126616477966
vecmath, 34, 4000, 99.57238030433655
vecmath, 37, 4000, 108.19255661964417
vecmath, 40, 4000, 116.1085387468338
vecmath, 43, 4000, 125.04803371429443
vecmath, 46, 4000, 134.9030021429062
vecmath, 49, 4000, 144.3108891248703
vecmath, 10, 4500, 26.33100199699402
vecmath, 13, 4500, 33.9190194606781
vecmath, 16, 4500, 41.406932950019836
vecmath, 19, 4500, 47.995988607406616
vecmath, 22, 4500, 56.361228346824646
vecmath, 25, 4500, 63.58853816986084
vecmath, 28, 4500, 71.5142103433609
vecmath, 31, 4500, 78.20042550563812
vecmath, 34, 4500, 86.25802958011627
vecmath, 37, 4500, 94.94538652896881
vecmath, 40, 4500, 100.11052703857422
vecmath, 43, 4500, 109.22994720935822
vecmath, 46, 4500, 117.34779238700867
vecmath, 49, 4500, 124.86083650588989
vecmath, 10, 5000, 22.940396428108215
vecmath, 13, 5000, 30.253985285758972
vecmath, 16, 5000, 37.34221565723419
vecmath, 19, 5000, 42.49834668636322
vecmath, 22, 5000, 49.578322887420654
vecmath, 25, 5000, 56.964691400527954
vecmath, 28, 5000, 63.26829385757446
vecmath, 31, 5000, 69.67328119277954
vecmath, 34, 5000, 77.68298268318176
vecmath, 37, 5000, 83.3337231874466
vecmath, 40, 5000, 88.81954336166382
vecmath, 43, 5000, 98.31118357181549
vecmath, 46, 5000, 104.23765087127686
vecmath, 49, 5000, 110.38458490371704
vecmath, 10, 5500, 20.67581009864807
vecmath, 13, 5500, 26.257495045661926
vecmath, 16, 5500, 32.03655004501343
vecmath, 19, 5500, 38.464006185531616
vecmath, 22, 5500, 43.67761826515198
vecmath, 25, 5500, 51.39356982707977
vecmath, 28, 5500, 56.02741193771362
vecmath, 31, 5500, 62.867875814437866
vecmath, 34, 5500, 68.97908461093903
vecmath, 37, 5500, 74.0963659286499
vecmath, 40, 5500, 82.31002247333527
vecmath, 43, 5500, 87.60754692554474
vecmath, 46, 5500, 92.45992290973663
vecmath, 49, 5500, 100.06375682353973
vecmath, 10, 6000, 18.913583278656006
vecmath, 13, 6000, 24.35934603214264
vecmath, 16, 6000, 30.01967680454254
vecmath, 19, 6000, 34.35347664356232
vecmath, 22, 6000, 40.753469347953796
vecmath, 25, 6000, 44.5558078289032
vecmath, 28, 6000, 50.72405982017517
vecmath, 31, 6000, 55.901835560798645
vecmath, 34, 6000, 62.66020083427429
vecmath, 37, 6000, 67.75745713710785
vecmath, 40, 6000, 73.70192635059357
vecmath, 43, 6000, 80.57459819316864
vecmath, 46, 6000, 83.30551648139954
vecmath, 49, 6000, 90.01506268978119
vecmath, 10, 6500, 17.40948259830475
vecmath, 13, 6500, 22.39919602870941
vecmath, 16, 6500, 26.589013695716858
vecmath, 19, 6500, 31.270455241203308
vecmath, 22, 6500, 36.73450064659119
vecmath, 25, 6500, 40.79866921901703
vecmath, 28, 6500, 46.2559632062912
vecmath, 31, 6500, 50.42422127723694
vecmath, 34, 6500, 56.29450249671936
vecmath, 37, 6500, 62.68127083778381
vecmath, 40, 6500, 66.5381772518158
vecmath, 43, 6500, 72.68468260765076
vecmath, 46, 6500, 77.39139366149902
vecmath, 49, 6500, 81.69368124008179
vecmath, 10, 7000, 15.948241233825684
vecmath, 13, 7000, 19.900656938552856
vecmath, 16, 7000, 23.99147665500641
vecmath, 19, 7000, 28.801561951637268
vecmath, 22, 7000, 33.88991689682007
vecmath, 25, 7000, 39.51990473270416
vecmath, 28, 7000, 44.18910002708435
vecmath, 31, 7000, 47.84983563423157
vecmath, 34, 7000, 52.27740788459778
vecmath, 37, 7000, 55.455748200416565
vecmath, 40, 7000, 61.80622720718384
vecmath, 43, 7000, 65.56800580024719
vecmath, 46, 7000, 70.93135583400726
vecmath, 49, 7000, 75.11244702339172
vecmath, 10, 7500, 14.68138337135315
vecmath, 13, 7500, 18.491915822029114
vecmath, 16, 7500, 22.5139878988266
vecmath, 19, 7500, 27.064982891082764
vecmath, 22, 7500, 31.122208833694458
vecmath, 25, 7500, 35.093363761901855
vecmath, 28, 7500, 40.2554235458374
vecmath, 31, 7500, 43.680880665779114
vecmath, 34, 7500, 48.40489149093628
vecmath, 37, 7500, 52.6604745388031
vecmath, 40, 7500, 56.96873760223389
vecmath, 43, 7500, 61.03166377544403
vecmath, 46, 7500, 64.6351329088211
vecmath, 49, 7500, 70.26167941093445
vecmath, 10, 8000, 13.615328311920166
vecmath, 13, 8000, 16.96396279335022
vecmath, 16, 8000, 21.159611105918884
vecmath, 19, 8000, 25.29341769218445
vecmath, 22, 8000, 29.746457934379578
vecmath, 25, 8000, 33.81873548030853
vecmath, 28, 8000, 38.20976221561432
vecmath, 31, 8000, 41.21683931350708
vecmath, 34, 8000, 45.4057422876358
vecmath, 37, 8000, 49.27356028556824
vecmath, 40, 8000, 54.25942039489746
vecmath, 43, 8000, 59.124613642692566
vecmath, 46, 8000, 60.93556320667267
vecmath, 49, 8000, 65.90529000759125
vecmath, 10, 8500, 12.687135219573975
vecmath, 13, 8500, 16.006192922592163
vecmath, 16, 8500, 20.21742343902588
vecmath, 19, 8500, 23.632944226264954
vecmath, 22, 8500, 27.55091881752014
vecmath, 25, 8500, 31.01969885826111
vecmath, 28, 8500, 34.924434661865234
vecmath, 31, 8500, 39.22783815860748
vecmath, 34, 8500, 42.60784983634949
vecmath, 37, 8500, 45.95101022720337
vecmath, 40, 8500, 50.078540325164795
vecmath, 43, 8500, 53.99292576313019
vecmath, 46, 8500, 57.38006412982941
vecmath, 49, 8500, 62.46802616119385
zero, 10, 1000, 130.0223424434662
zero, 13, 1000, 176.68319606781006
zero, 16, 1000, 196.59087443351746
zero, 19, 1000, 255.92616665363312
zero, 22, 1000, 280.9073522090912
zero, 25, 1000, 336.35241532325745
zero, 28, 1000, 394.07532024383545
zero, 31, 1000, 438.12576925754547
zero, 34, 1000, 487.01245033741
zero, 37, 1000, 564.9476654529572
zero, 40, 1000, 627.1903442144394
zero, 43, 1000, 662.2824029922485
zero, 46, 1000, 710.8521137237549
zero, 49, 1000, 762.2654036283493
zero, 10, 1500, 87.99004209041595
zero, 13, 1500, 118.15977668762207
zero, 16, 1500, 140.95768988132477
zero, 19, 1500, 165.8139466047287
zero, 22, 1500, 202.36304891109467
zero, 25, 1500, 218.60936963558197
zero, 28, 1500, 252.18011593818665
zero, 31, 1500, 267.62435722351074
zero, 34, 1500, 295.21619296073914
zero, 37, 1500, 320.83491265773773
zero, 40, 1500, 360.0365616083145
zero, 43, 1500, 385.6444705724716
zero, 46, 1500, 401.80175149440765
zero, 49, 1500, 432.25317573547363
zero, 10, 2000, 58.086328864097595
zero, 13, 2000, 74.34294867515564
zero, 16, 2000, 92.22703301906586
zero, 19, 2000, 112.08091151714325
zero, 22, 2000, 123.12195765972137
zero, 25, 2000, 143.655038356781
zero, 28, 2000, 158.4341824054718
zero, 31, 2000, 172.44925045967102
zero, 34, 2000, 194.9352353811264
zero, 37, 2000, 211.02847921848297
zero, 40, 2000, 225.99996316432953
zero, 43, 2000, 244.23377358913422
zero, 46, 2000, 258.3362339735031
zero, 49, 2000, 279.44265484809875
zero, 10, 2500, 46.86371719837189
zero, 13, 2500, 61.03198564052582
zero, 16, 2500, 72.94343209266663
zero, 19, 2500, 86.21686971187592
zero, 22, 2500, 96.33233535289764
zero, 25, 2500, 112.26509010791779
zero, 28, 2500, 130.18421804904938
zero, 31, 2500, 138.49591159820557
zero, 34, 2500, 152.8564326763153
zero, 37, 2500, 162.4564709663391
zero, 40, 2500, 174.93910706043243
zero, 43, 2500, 188.8119673728943
zero, 46, 2500, 210.60386967658997
zero, 49, 2500, 212.9086308479309
zero, 10, 3000, 34.27294588088989
zero, 13, 3000, 44.13549768924713
zero, 16, 3000, 53.16063725948334
zero, 19, 3000, 62.484023690223694
zero, 22, 3000, 74.17628371715546
zero, 25, 3000, 82.5347032546997
zero, 28, 3000, 93.05567765235901
zero, 31, 3000, 103.045583486557
zero, 34, 3000, 116.8562251329422
zero, 37, 3000, 124.61519014835358
zero, 40, 3000, 135.06462979316711
zero, 43, 3000, 146.18474233150482
zero, 46, 3000, 163.82209837436676
zero, 49, 3000, 175.86482441425323
zero, 10, 3500, 29.778815388679504
zero, 13, 3500, 38.09238648414612
zero, 16, 3500, 49.65355896949768
zero, 19, 3500, 57.129138708114624
zero, 22, 3500, 64.66765439510345
zero, 25, 3500, 75.87047171592712
zero, 28, 3500, 81.32652866840363
zero, 31, 3500, 90.75981044769287
zero, 34, 3500, 97.32008588314056
zero, 37, 3500, 106.55216097831726
zero, 40, 3500, 116.93122816085815
zero, 43, 3500, 125.98915243148804
zero, 46, 3500, 135.98981082439423
zero, 49, 3500, 147.64646434783936
zero, 10, 4000, 26.918508887290955
zero, 13, 4000, 31.317280888557434
zero, 16, 4000, 40.88623642921448
zero, 19, 4000, 50.00412094593048
zero, 22, 4000, 53.66174006462097
zero, 25, 4000, 61.182661056518555
zero, 28, 4000, 70.0495810508728
zero, 31, 4000, 80.05770230293274
zero, 34, 4000, 84.7226699590683
zero, 37, 4000, 92.54788553714752
zero, 40, 4000, 97.80434393882751
zero, 43, 4000, 107.33332228660583
zero, 46, 4000, 111.70555114746094
zero, 49, 4000, 118.31969690322876
zero, 10, 4500, 21.528948068618774
zero, 13, 4500, 25.985206842422485
zero, 16, 4500, 32.85696005821228
zero, 19, 4500, 38.47203969955444
zero, 22, 4500, 43.636064767837524
zero, 25, 4500, 52.36067008972168
zero, 28, 4500, 56.91262757778168
zero, 31, 4500, 63.72304308414459
zero, 34, 4500, 69.60286152362823
zero, 37, 4500, 74.78524029254913
zero, 40, 4500, 83.35988140106201
zero, 43, 4500, 88.24810659885406
zero, 46, 4500, 93.59611177444458
zero, 49, 4500, 98.14394438266754
zero, 10, 5000, 19.683878779411316
zero, 13, 5000, 22.916010856628418
zero, 16, 5000, 29.400288581848145
zero, 19, 5000, 34.45402753353119
zero, 22, 5000, 39.92050278186798
zero, 25, 5000, 46.48853778839111
zero, 28, 5000, 52.67277979850769
zero, 31, 5000, 58.33749985694885
zero, 34, 5000, 62.16914498806
zero, 37, 5000, 67.20798671245575
zero, 40, 5000, 72.67782711982727
zero, 43, 5000, 76.59532713890076
zero, 46, 5000, 81.01833963394165
zero, 49, 5000, 87.39594674110413
zero, 10, 5500, 17.143848299980164
zero, 13, 5500, 21.130746841430664
zero, 16, 5500, 26.276611924171448
zero, 19, 5500, 31.120503425598145
zero, 22, 5500, 35.01035249233246
zero, 25, 5500, 39.44604694843292
zero, 28, 5500, 45.13082551956177
zero, 31, 5500, 49.87413573265076
zero, 34, 5500, 53.441946625709534
zero, 37, 5500, 59.944544434547424
zero, 40, 5500, 64.28053557872772
zero, 43, 5500, 69.78633058071136
zero, 46, 5500, 72.70941293239594
zero, 49, 5500, 78.3403069972992
zero, 10, 6000, 15.430239915847778
zero, 13, 6000, 20.48276960849762
zero, 16, 6000, 25.450470328330994
zero, 19, 6000, 29.840175986289978
zero, 22, 6000, 34.767189741134644
zero, 25, 6000, 39.03265464305878
zero, 28, 6000, 42.92217016220093
zero, 31, 6000, 48.11319887638092
zero, 34, 6000, 55.09124755859375
zero, 37, 6000, 58.526848912239075
zero, 40, 6000, 63.112545132637024
zero, 43, 6000, 66.51539814472198
zero, 46, 6000, 69.826336145401
zero, 49, 6000, 76.04469954967499
zero, 10, 6500, 14.069538950920105
zero, 13, 6500, 17.7014377117157
zero, 16, 6500, 21.333035826683044
zero, 19, 6500, 25.80716347694397
zero, 22, 6500, 27.99195098876953
zero, 25, 6500, 32.586522340774536
zero, 28, 6500, 38.05084836483002
zero, 31, 6500, 41.03467321395874
zero, 34, 6500, 45.05347013473511
zero, 37, 6500, 48.454418301582336
zero, 40, 6500, 52.68071711063385
zero, 43, 6500, 57.26698017120361
zero, 46, 6500, 60.752521991729736
zero, 49, 6500, 64.22210383415222
zero, 10, 7000, 13.945154666900635
zero, 13, 7000, 16.039449095726013
zero, 16, 7000, 20.83504283428192
zero, 19, 7000, 24.375063180923462
zero, 22, 7000, 27.627227425575256
zero, 25, 7000, 33.057514786720276
zero, 28, 7000, 36.271037101745605
zero, 31, 7000, 40.737526178359985
zero, 34, 7000, 43.71962857246399
zero, 37, 7000, 49.06364190578461
zero, 40, 7000, 50.453977942466736
zero, 43, 7000, 56.77219259738922
zero, 46, 7000, 60.15251660346985
zero, 49, 7000, 65.48934054374695
zero, 10, 7500, 11.536845922470093
zero, 13, 7500, 14.793004274368286
zero, 16, 7500, 18.312620759010315
zero, 19, 7500, 21.33175015449524
zero, 22, 7500, 24.611936807632446
zero, 25, 7500, 27.993908762931824
zero, 28, 7500, 31.50642478466034
zero, 31, 7500, 33.859344482421875
zero, 34, 7500, 37.99073398113251
zero, 37, 7500, 41.44332444667816
zero, 40, 7500, 45.0540953874588
zero, 43, 7500, 48.103047609329224
zero, 46, 7500, 51.1514698266983
zero, 49, 7500, 54.145954966545105
zero, 10, 8000, 11.440337300300598
zero, 13, 8000, 14.664110779762268
zero, 16, 8000, 17.837883591651917
zero, 19, 8000, 21.206826090812683
zero, 22, 8000, 23.68494403362274
zero, 25, 8000, 27.66618239879608
zero, 28, 8000, 32.42647910118103
zero, 31, 8000, 34.554914236068726
zero, 34, 8000, 38.794445633888245
zero, 37, 8000, 40.871710419654846
zero, 40, 8000, 45.37398374080658
zero, 43, 8000, 48.7942099571228
zero, 46, 8000, 50.28536570072174
zero, 49, 8000, 55.382850646972656
zero, 10, 8500, 10.074481964111328
zero, 13, 8500, 12.920786380767822
zero, 16, 8500, 16.551287531852722
zero, 19, 8500, 19.54645311832428
zero, 22, 8500, 23.087777376174927
zero, 25, 8500, 24.42764186859131
zero, 28, 8500, 28.90484619140625
zero, 31, 8500, 30.69169795513153
zero, 34, 8500, 34.161537647247314
zero, 37, 8500, 36.68065083026886
zero, 40, 8500, 38.65449929237366
zero, 43, 8500, 43.09842312335968
zero, 46, 8500, 46.534552335739136
zero, 49, 8500, 49.279040932655334