# t, t+1, t+2, t+3, t+4, t+5, t+6, t+7, t+8, t+9, t+10, t+11, t+12, t+13, t+14, t+15, t+16, t+17, t+18, t+19
0.127380,0.180517,0.175753,0.144706,0.139488,0.156717,0.156969,0.173802,0.195833,0.159928,0.156681,0.130604,0.120631,0.117578,0.100229,0.110860,0.100556,0.092830,0.088717,0.075171
0.180517,0.175753,0.144706,0.139488,0.156717,0.156969,0.173802,0.195833,0.159928,0.156681,0.130604,0.120631,0.117578,0.100229,0.110860,0.100556,0.092830,0.088717,0.075171,0.067193
0.175753,0.144706,0.139488,0.156717,0.156969,0.173802,0.195833,0.159928,0.156681,0.130604,0.120631,0.117578,0.100229,0.110860,0.100556,0.092830,0.088717,0.075171,0.067193,0.056988
0.144706,0.139488,0.156717,0.156969,0.173802,0.195833,0.159928,0.156681,0.130604,0.120631,0.117578,0.100229,0.110860,0.100556,0.092830,0.088717,0.075171,0.067193,0.056988,0.073964
0.139488,0.156717,0.156969,0.173802,0.195833,0.159928,0.156681,0.130604,0.120631,0.117578,0.100229,0.110860,0.100556,0.092830,0.088717,0.075171,0.067193,0.056988,0.073964,0.094049
0.156717,0.156969,0.173802,0.195833,0.159928,0.156681,0.130604,0.120631,0.117578,0.100229,0.110860,0.100556,0.092830,0.088717,0.075171,0.067193,0.056988,0.073964,0.094049,0.088442
0.156969,0.173802,0.195833,0.159928,0.156681,0.130604,0.120631,0.117578,0.100229,0.110860,0.100556,0.092830,0.088717,0.075171,0.067193,0.056988,0.073964,0.094049,0.088442,0.119948
0.173802,0.195833,0.159928,0.156681,0.130604,0.120631,0.117578,0.100229,0.110860,0.100556,0.092830,0.088717,0.075171,0.067193,0.056988,0.073964,0.094049,0.088442,0.119948,0.135165
0.195833,0.159928,0.156681,0.130604,0.120631,0.117578,0.100229,0.110860,0.100556,0.092830,0.088717,0.075171,0.067193,0.056988,0.073964,0.094049,0.088442,0.119948,0.135165,0.128560
0.159928,0.156681,0.130604,0.120631,0.117578,0.100229,0.110860,0.100556,0.092830,0.088717,0.075171,0.067193,0.056988,0.073964,0.094049,0.088442,0.119948,0.135165,0.128560,0.120032
0.156681,0.130604,0.120631,0.117578,0.100229,0.110860,0.100556,0.092830,0.088717,0.075171,0.067193,0.056988,0.073964,0.094049,0.088442,0.119948,0.135165,0.128560,0.120032,0.116625
0.130604,0.120631,0.117578,0.100229,0.110860,0.100556,0.092830,0.088717,0.075171,0.067193,0.056988,0.073964,0.094049,0.088442,0.119948,0.135165,0.128560,0.120032,0.116625,0.115021
0.120631,0.117578,0.100229,0.110860,0.100556,0.092830,0.088717,0.075171,0.067193,0.056988,0.073964,0.094049,0.088442,0.119948,0.135165,0.128560,0.120032,0.116625,0.115021,0.124337
0.117578,0.100229,0.110860,0.100556,0.092830,0.088717,0.075171,0.067193,0.056988,0.073964,0.094049,0.088442,0.119948,0.135165,0.128560,0.120032,0.116625,0.115021,0.124337,0.110401
0.100229,0.110860,0.100556,0.092830,0.088717,0.075171,0.067193,0.056988,0.073964,0.094049,0.088442,0.119948,0.135165,0.128560,0.120032,0.116625,0.115021,0.124337,0.110401,0.148208
0.110860,0.100556,0.092830,0.088717,0.075171,0.067193,0.056988,0.073964,0.094049,0.088442,0.119948,0.135165,0.128560,0.120032,0.116625,0.115021,0.124337,0.110401,0.148208,0.146278
0.100556,0.092830,0.088717,0.075171,0.067193,0.056988,0.073964,0.094049,0.088442,0.119948,0.135165,0.128560,0.120032,0.116625,0.115021,0.124337,0.110401,0.148208,0.146278,0.110633
0.092830,0.088717,0.075171,0.067193,0.056988,0.073964,0.094049,0.088442,0.119948,0.135165,0.128560,0.120032,0.116625,0.115021,0.124337,0.110401,0.148208,0.146278,0.110633,0.129879
0.088717,0.075171,0.067193,0.056988,0.073964,0.094049,0.088442,0.119948,0.135165,0.128560,0.120032,0.116625,0.115021,0.124337,0.110401,0.148208,0.146278,0.110633,0.129879,0.107172
0.075171,0.067193,0.056988,0.073964,0.094049,0.088442,0.119948,0.135165,0.128560,0.120032,0.116625,0.115021,0.124337,0.110401,0.148208,0.146278,0.110633,0.129879,0.107172,0.109739
0.067193,0.056988,0.073964,0.094049,0.088442,0.119948,0.135165,0.128560,0.120032,0.116625,0.115021,0.124337,0.110401,0.148208,0.146278,0.110633,0.129879,0.107172,0.109739,0.102515
0.056988,0.073964,0.094049,0.088442,0.119948,0.135165,0.128560,0.120032,0.116625,0.115021,0.124337,0.110401,0.148208,0.146278,0.110633,0.129879,0.107172,0.109739,0.102515,0.094913
0.073964,0.094049,0.088442,0.119948,0.135165,0.128560,0.120032,0.116625,0.115021,0.124337,0.110401,0.148208,0.146278,0.110633,0.129879,0.107172,0.109739,0.102515,0.094913,0.082123
0.094049,0.088442,0.119948,0.135165,0.128560,0.120032,0.116625,0.115021,0.124337,0.110401,0.148208,0.146278,0.110633,0.129879,0.107172,0.109739,0.102515,0.094913,0.082123,0.073911
0.088442,0.119948,0.135165,0.128560,0.120032,0.116625,0.115021,0.124337,0.110401,0.148208,0.146278,0.110633,0.129879,0.107172,0.109739,0.102515,0.094913,0.082123,0.073911,0.070796
0.119948,0.135165,0.128560,0.120032,0.116625,0.115021,0.124337,0.110401,0.148208,0.146278,0.110633,0.129879,0.107172,0.109739,0.102515,0.094913,0.082123,0.073911,0.070796,0.060661
0.135165,0.128560,0.120032,0.116625,0.115021,0.124337,0.110401,0.148208,0.146278,0.110633,0.129879,0.107172,0.109739,0.102515,0.094913,0.082123,0.073911,0.070796,0.060661,0.044240
0.128560,0.120032,0.116625,0.115021,0.124337,0.110401,0.148208,0.146278,0.110633,0.129879,0.107172,0.109739,0.102515,0.094913,0.082123,0.073911,0.070796,0.060661,0.044240,0.061606
0.120032,0.116625,0.115021,0.124337,0.110401,0.148208,0.146278,0.110633,0.129879,0.107172,0.109739,0.102515,0.094913,0.082123,0.073911,0.070796,0.060661,0.044240,0.061606,0.095343
0.116625,0.115021,0.124337,0.110401,0.148208,0.146278,0.110633,0.129879,0.107172,0.109739,0.102515,0.094913,0.082123,0.073911,0.070796,0.060661,0.044240,0.061606,0.095343,0.080247
0.115021,0.124337,0.110401,0.148208,0.146278,0.110633,0.129879,0.107172,0.109739,0.102515,0.094913,0.082123,0.073911,0.070796,0.060661,0.044240,0.061606,0.095343,0.080247,0.139587
0.124337,0.110401,0.148208,0.146278,0.110633,0.129879,0.107172,0.109739,0.102515,0.094913,0.082123,0.073911,0.070796,0.060661,0.044240,0.061606,0.095343,0.080247,0.139587,0.172919
0.110401,0.148208,0.146278,0.110633,0.129879,0.107172,0.109739,0.102515,0.094913,0.082123,0.073911,0.070796,0.060661,0.044240,0.061606,0.095343,0.080247,0.139587,0.172919,0.145016
0.148208,0.146278,0.110633,0.129879,0.107172,0.109739,0.102515,0.094913,0.082123,0.073911,0.070796,0.060661,0.044240,0.061606,0.095343,0.080247,0.139587,0.172919,0.145016,0.152935
0.146278,0.110633,0.129879,0.107172,0.109739,0.102515,0.094913,0.082123,0.073911,0.070796,0.060661,0.044240,0.061606,0.095343,0.080247,0.139587,0.172919,0.145016,0.152935,0.126654
0.110633,0.129879,0.107172,0.109739,0.102515,0.094913,0.082123,0.073911,0.070796,0.060661,0.044240,0.061606,0.095343,0.080247,0.139587,0.172919,0.145016,0.152935,0.126654,0.134632
0.129879,0.107172,0.109739,0.102515,0.094913,0.082123,0.073911,0.070796,0.060661,0.044240,0.061606,0.095343,0.080247,0.139587,0.172919,0.145016,0.152935,0.126654,0.134632,0.139772
0.107172,0.109739,0.102515,0.094913,0.082123,0.073911,0.070796,0.060661,0.044240,0.061606,0.095343,0.080247,0.139587,0.172919,0.145016,0.152935,0.126654,0.134632,0.139772,0.156115
0.109739,0.102515,0.094913,0.082123,0.073911,0.070796,0.060661,0.044240,0.061606,0.095343,0.080247,0.139587,0.172919,0.145016,0.152935,0.126654,0.134632,0.139772,0.156115,0.161610
0.102515,0.094913,0.082123,0.073911,0.070796,0.060661,0.044240,0.061606,0.095343,0.080247,0.139587,0.172919,0.145016,0.152935,0.126654,0.134632,0.139772,0.156115,0.161610,0.142340
0.094913,0.082123,0.073911,0.070796,0.060661,0.044240,0.061606,0.095343,0.080247,0.139587,0.172919,0.145016,0.152935,0.126654,0.134632,0.139772,0.156115,0.161610,0.142340,0.124218
0.082123,0.073911,0.070796,0.060661,0.044240,0.061606,0.095343,0.080247,0.139587,0.172919,0.145016,0.152935,0.126654,0.134632,0.139772,0.156115,0.161610,0.142340,0.124218,0.112732
0.073911,0.070796,0.060661,0.044240,0.061606,0.095343,0.080247,0.139587,0.172919,0.145016,0.152935,0.126654,0.134632,0.139772,0.156115,0.161610,0.142340,0.124218,0.112732,0.109907
0.070796,0.060661,0.044240,0.061606,0.095343,0.080247,0.139587,0.172919,0.145016,0.152935,0.126654,0.134632,0.139772,0.156115,0.161610,0.142340,0.124218,0.112732,0.109907,0.103028
0.060661,0.044240,0.061606,0.095343,0.080247,0.139587,0.172919,0.145016,0.152935,0.126654,0.134632,0.139772,0.156115,0.161610,0.142340,0.124218,0.112732,0.109907,0.103028,0.108101
0.044240,0.061606,0.095343,0.080247,0.139587,0.172919,0.145016,0.152935,0.126654,0.134632,0.139772,0.156115,0.161610,0.142340,0.124218,0.112732,0.109907,0.103028,0.108101,0.109340
0.061606,0.095343,0.080247,0.139587,0.172919,0.145016,0.152935,0.126654,0.134632,0.139772,0.156115,0.161610,0.142340,0.124218,0.112732,0.109907,0.103028,0.108101,0.109340,0.092814
0.095343,0.080247,0.139587,0.172919,0.145016,0.152935,0.126654,0.134632,0.139772,0.156115,0.161610,0.142340,0.124218,0.112732,0.109907,0.103028,0.108101,0.109340,0.092814,0.086055
0.080247,0.139587,0.172919,0.145016,0.152935,0.126654,0.134632,0.139772,0.156115,0.161610,0.142340,0.124218,0.112732,0.109907,0.103028,0.108101,0.109340,0.092814,0.086055,0.071062
0.139587,0.172919,0.145016,0.152935,0.126654,0.134632,0.139772,0.156115,0.161610,0.142340,0.124218,0.112732,0.109907,0.103028,0.108101,0.109340,0.092814,0.086055,0.071062,0.073246
0.172919,0.145016,0.152935,0.126654,0.134632,0.139772,0.156115,0.161610,0.142340,0.124218,0.112732,0.109907,0.103028,0.108101,0.109340,0.092814,0.086055,0.071062,0.073246,0.053619
0.145016,0.152935,0.126654,0.134632,0.139772,0.156115,0.161610,0.142340,0.124218,0.112732,0.109907,0.103028,0.108101,0.109340,0.092814,0.086055,0.071062,0.073246,0.053619,0.082251
0.152935,0.126654,0.134632,0.139772,0.156115,0.161610,0.142340,0.124218,0.112732,0.109907,0.103028,0.108101,0.109340,0.092814,0.086055,0.071062,0.073246,0.053619,0.082251,0.094796
0.126654,0.134632,0.139772,0.156115,0.161610,0.142340,0.124218,0.112732,0.109907,0.103028,0.108101,0.109340,0.092814,0.086055,0.071062,0.073246,0.053619,0.082251,0.094796,0.096919
0.134632,0.139772,0.156115,0.161610,0.142340,0.124218,0.112732,0.109907,0.103028,0.108101,0.109340,0.092814,0.086055,0.071062,0.073246,0.053619,0.082251,0.094796,0.096919,0.144831
0.139772,0.156115,0.161610,0.142340,0.124218,0.112732,0.109907,0.103028,0.108101,0.109340,0.092814,0.086055,0.071062,0.073246,0.053619,0.082251,0.094796,0.096919,0.144831,0.174156
0.156115,0.161610,0.142340,0.124218,0.112732,0.109907,0.103028,0.108101,0.109340,0.092814,0.086055,0.071062,0.073246,0.053619,0.082251,0.094796,0.096919,0.144831,0.174156,0.151114
0.161610,0.142340,0.124218,0.112732,0.109907,0.103028,0.108101,0.109340,0.092814,0.086055,0.071062,0.073246,0.053619,0.082251,0.094796,0.096919,0.144831,0.174156,0.151114,0.152806
0.142340,0.124218,0.112732,0.109907,0.103028,0.108101,0.109340,0.092814,0.086055,0.071062,0.073246,0.053619,0.082251,0.094796,0.096919,0.144831,0.174156,0.151114,0.152806,0.146851
0.124218,0.112732,0.109907,0.103028,0.108101,0.109340,0.092814,0.086055,0.071062,0.073246,0.053619,0.082251,0.094796,0.096919,0.144831,0.174156,0.151114,0.152806,0.146851,0.162199
0.112732,0.109907,0.103028,0.108101,0.109340,0.092814,0.086055,0.071062,0.073246,0.053619,0.082251,0.094796,0.096919,0.144831,0.174156,0.151114,0.152806,0.146851,0.162199,0.189219
0.109907,0.103028,0.108101,0.109340,0.092814,0.086055,0.071062,0.073246,0.053619,0.082251,0.094796,0.096919,0.144831,0.174156,0.151114,0.152806,0.146851,0.162199,0.189219,0.157520
0.103028,0.108101,0.109340,0.092814,0.086055,0.071062,0.073246,0.053619,0.082251,0.094796,0.096919,0.144831,0.174156,0.151114,0.152806,0.146851,0.162199,0.189219,0.157520,0.158473
0.108101,0.109340,0.092814,0.086055,0.071062,0.073246,0.053619,0.082251,0.094796,0.096919,0.144831,0.174156,0.151114,0.152806,0.146851,0.162199,0.189219,0.157520,0.158473,0.135728
0.109340,0.092814,0.086055,0.071062,0.073246,0.053619,0.082251,0.094796,0.096919,0.144831,0.174156,0.151114,0.152806,0.146851,0.162199,0.189219,0.157520,0.158473,0.135728,0.101354
0.092814,0.086055,0.071062,0.073246,0.053619,0.082251,0.094796,0.096919,0.144831,0.174156,0.151114,0.152806,0.146851,0.162199,0.189219,0.157520,0.158473,0.135728,0.101354,0.100434
0.086055,0.071062,0.073246,0.053619,0.082251,0.094796,0.096919,0.144831,0.174156,0.151114,0.152806,0.146851,0.162199,0.189219,0.157520,0.158473,0.135728,0.101354,0.100434,0.113808
0.071062,0.073246,0.053619,0.082251,0.094796,0.096919,0.144831,0.174156,0.151114,0.152806,0.146851,0.162199,0.189219,0.157520,0.158473,0.135728,0.101354,0.100434,0.113808,0.104941
0.073246,0.053619,0.082251,0.094796,0.096919,0.144831,0.174156,0.151114,0.152806,0.146851,0.162199,0.189219,0.157520,0.158473,0.135728,0.101354,0.100434,0.113808,0.104941,0.097658
0.053619,0.082251,0.094796,0.096919,0.144831,0.174156,0.151114,0.152806,0.146851,0.162199,0.189219,0.157520,0.158473,0.135728,0.101354,0.100434,0.113808,0.104941,0.097658,0.101289
0.082251,0.094796,0.096919,0.144831,0.174156,0.151114,0.152806,0.146851,0.162199,0.189219,0.157520,0.158473,0.135728,0.101354,0.100434,0.113808,0.104941,0.097658,0.101289,0.080777
0.094796,0.096919,0.144831,0.174156,0.151114,0.152806,0.146851,0.162199,0.189219,0.157520,0.158473,0.135728,0.101354,0.100434,0.113808,0.104941,0.097658,0.101289,0.080777,0.077008
0.096919,0.144831,0.174156,0.151114,0.152806,0.146851,0.162199,0.189219,0.157520,0.158473,0.135728,0.101354,0.100434,0.113808,0.104941,0.097658,0.101289,0.080777,0.077008,0.072477
0.144831,0.174156,0.151114,0.152806,0.146851,0.162199,0.189219,0.157520,0.158473,0.135728,0.101354,0.100434,0.113808,0.104941,0.097658,0.101289,0.080777,0.077008,0.072477,0.063207
0.174156,0.151114,0.152806,0.146851,0.162199,0.189219,0.157520,0.158473,0.135728,0.101354,0.100434,0.113808,0.104941,0.097658,0.101289,0.080777,0.077008,0.072477,0.063207,0.049258
0.151114,0.152806,0.146851,0.162199,0.189219,0.157520,0.158473,0.135728,0.101354,0.100434,0.113808,0.104941,0.097658,0.101289,0.080777,0.077008,0.072477,0.063207,0.049258,0.069444
0.152806,0.146851,0.162199,0.189219,0.157520,0.158473,0.135728,0.101354,0.100434,0.113808,0.104941,0.097658,0.101289,0.080777,0.077008,0.072477,0.063207,0.049258,0.069444,0.111746
0.146851,0.162199,0.189219,0.157520,0.158473,0.135728,0.101354,0.100434,0.113808,0.104941,0.097658,0.101289,0.080777,0.077008,0.072477,0.063207,0.049258,0.069444,0.111746,0.095349
0.162199,0.189219,0.157520,0.158473,0.135728,0.101354,0.100434,0.113808,0.104941,0.097658,0.101289,0.080777,0.077008,0.072477,0.063207,0.049258,0.069444,0.111746,0.095349,0.138809
0.189219,0.157520,0.158473,0.135728,0.101354,0.100434,0.113808,0.104941,0.097658,0.101289,0.080777,0.077008,0.072477,0.063207,0.049258,0.069444,0.111746,0.095349,0.138809,0.158723
0.157520,0.158473,0.135728,0.101354,0.100434,0.113808,0.104941,0.097658,0.101289,0.080777,0.077008,0.072477,0.063207,0.049258,0.069444,0.111746,0.095349,0.138809,0.158723,0.142033
0.158473,0.135728,0.101354,0.100434,0.113808,0.104941,0.097658,0.101289,0.080777,0.077008,0.072477,0.063207,0.049258,0.069444,0.111746,0.095349,0.138809,0.158723,0.142033,0.118189
0.135728,0.101354,0.100434,0.113808,0.104941,0.097658,0.101289,0.080777,0.077008,0.072477,0.063207,0.049258,0.069444,0.111746,0.095349,0.138809,0.158723,0.142033,0.118189,0.123485
0.101354,0.100434,0.113808,0.104941,0.097658,0.101289,0.080777,0.077008,0.072477,0.063207,0.049258,0.069444,0.111746,0.095349,0.138809,0.158723,0.142033,0.118189,0.123485,0.155339
0.100434,0.113808,0.104941,0.097658,0.101289,0.080777,0.077008,0.072477,0.063207,0.049258,0.069444,0.111746,0.095349,0.138809,0.158723,0.142033,0.118189,0.123485,0.155339,0.171588
0.113808,0.104941,0.097658,0.101289,0.080777,0.077008,0.072477,0.063207,0.049258,0.069444,0.111746,0.095349,0.138809,0.158723,0.142033,0.118189,0.123485,0.155339,0.171588,0.154666
0.104941,0.097658,0.101289,0.080777,0.077008,0.072477,0.063207,0.049258,0.069444,0.111746,0.095349,0.138809,0.158723,0.142033,0.118189,0.123485,0.155339,0.171588,0.154666,0.144745
0.097658,0.101289,0.080777,0.077008,0.072477,0.063207,0.049258,0.069444,0.111746,0.095349,0.138809,0.158723,0.142033,0.118189,0.123485,0.155339,0.171588,0.154666,0.144745,0.142985
0.101289,0.080777,0.077008,0.072477,0.063207,0.049258,0.069444,0.111746,0.095349,0.138809,0.158723,0.142033,0.118189,0.123485,0.155339,0.171588,0.154666,0.144745,0.142985,0.101298
0.080777,0.077008,0.072477,0.063207,0.049258,0.069444,0.111746,0.095349,0.138809,0.158723,0.142033,0.118189,0.123485,0.155339,0.171588,0.154666,0.144745,0.142985,0.101298,0.089882
0.077008,0.072477,0.063207,0.049258,0.069444,0.111746,0.095349,0.138809,0.158723,0.142033,0.118189,0.123485,0.155339,0.171588,0.154666,0.144745,0.142985,0.101298,0.089882,0.088800
0.072477,0.063207,0.049258,0.069444,0.111746,0.095349,0.138809,0.158723,0.142033,0.118189,0.123485,0.155339,0.171588,0.154666,0.144745,0.142985,0.101298,0.089882,0.088800,0.091518
0.063207,0.049258,0.069444,0.111746,0.095349,0.138809,0.158723,0.142033,0.118189,0.123485,0.155339,0.171588,0.154666,0.144745,0.142985,0.101298,0.089882,0.088800,0.091518,0.088203
0.049258,0.069444,0.111746,0.095349,0.138809,0.158723,0.142033,0.118189,0.123485,0.155339,0.171588,0.154666,0.144745,0.142985,0.101298,0.089882,0.088800,0.091518,0.088203,0.094031
0.069444,0.111746,0.095349,0.138809,0.158723,0.142033,0.118189,0.123485,0.155339,0.171588,0.154666,0.144745,0.142985,0.101298,0.089882,0.088800,0.091518,0.088203,0.094031,0.094710
0.111746,0.095349,0.138809,0.158723,0.142033,0.118189,0.123485,0.155339,0.171588,0.154666,0.144745,0.142985,0.101298,0.089882,0.088800,0.091518,0.088203,0.094031,0.094710,0.078300
0.095349,0.138809,0.158723,0.142033,0.118189,0.123485,0.155339,0.171588,0.154666,0.144745,0.142985,0.101298,0.089882,0.088800,0.091518,0.088203,0.094031,0.094710,0.078300,0.080747
0.138809,0.158723,0.142033,0.118189,0.123485,0.155339,0.171588,0.154666,0.144745,0.142985,0.101298,0.089882,0.088800,0.091518,0.088203,0.094031,0.094710,0.078300,0.080747,0.064191
0.158723,0.142033,0.118189,0.123485,0.155339,0.171588,0.154666,0.144745,0.142985,0.101298,0.089882,0.088800,0.091518,0.088203,0.094031,0.094710,0.078300,0.080747,0.064191,0.053882
0.142033,0.118189,0.123485,0.155339,0.171588,0.154666,0.144745,0.142985,0.101298,0.089882,0.088800,0.091518,0.088203,0.094031,0.094710,0.078300,0.080747,0.064191,0.053882,0.075358
0.118189,0.123485,0.155339,0.171588,0.154666,0.144745,0.142985,0.101298,0.089882,0.088800,0.091518,0.088203,0.094031,0.094710,0.078300,0.080747,0.064191,0.053882,0.075358,0.115963
0.123485,0.155339,0.171588,0.154666,0.144745,0.142985,0.101298,0.089882,0.088800,0.091518,0.088203,0.094031,0.094710,0.078300,0.080747,0.064191,0.053882,0.075358,0.115963,0.093985
0.155339,0.171588,0.154666,0.144745,0.142985,0.101298,0.089882,0.088800,0.091518,0.088203,0.094031,0.094710,0.078300,0.080747,0.064191,0.053882,0.075358,0.115963,0.093985,0.137370
0.171588,0.154666,0.144745,0.142985,0.101298,0.089882,0.088800,0.091518,0.088203,0.094031,0.094710,0.078300,0.080747,0.064191,0.053882,0.075358,0.115963,0.093985,0.137370,0.171899
0.154666,0.144745,0.142985,0.101298,0.089882,0.088800,0.091518,0.088203,0.094031,0.094710,0.078300,0.080747,0.064191,0.053882,0.075358,0.115963,0.093985,0.137370,0.171899,0.134025
0.144745,0.142985,0.101298,0.089882,0.088800,0.091518,0.088203,0.094031,0.094710,0.078300,0.080747,0.064191,0.053882,0.075358,0.115963,0.093985,0.137370,0.171899,0.134025,0.116202
0.142985,0.101298,0.089882,0.088800,0.091518,0.088203,0.094031,0.094710,0.078300,0.080747,0.064191,0.053882,0.075358,0.115963,0.093985,0.137370,0.171899,0.134025,0.116202,0.111481
0.101298,0.089882,0.088800,0.091518,0.088203,0.094031,0.094710,0.078300,0.080747,0.064191,0.053882,0.075358,0.115963,0.093985,0.137370,0.171899,0.134025,0.116202,0.111481,0.121878
0.089882,0.088800,0.091518,0.088203,0.094031,0.094710,0.078300,0.080747,0.064191,0.053882,0.075358,0.115963,0.093985,0.137370,0.171899,0.134025,0.116202,0.111481,0.121878,0.121111
0.088800,0.091518,0.088203,0.094031,0.094710,0.078300,0.080747,0.064191,0.053882,0.075358,0.115963,0.093985,0.137370,0.171899,0.134025,0.116202,0.111481,0.121878,0.121111,0.127411
0.091518,0.088203,0.094031,0.094710,0.078300,0.080747,0.064191,0.053882,0.075358,0.115963,0.093985,0.137370,0.171899,0.134025,0.116202,0.111481,0.121878,0.121111,0.127411,0.129568
0.088203,0.094031,0.094710,0.078300,0.080747,0.064191,0.053882,0.075358,0.115963,0.093985,0.137370,0.171899,0.134025,0.116202,0.111481,0.121878,0.121111,0.127411,0.129568,0.113125
0.094031,0.094710,0.078300,0.080747,0.064191,0.053882,0.075358,0.115963,0.093985,0.137370,0.171899,0.134025,0.116202,0.111481,0.121878,0.121111,0.127411,0.129568,0.113125,0.091846
0.094710,0.078300,0.080747,0.064191,0.053882,0.075358,0.115963,0.093985,0.137370,0.171899,0.134025,0.116202,0.111481,0.121878,0.121111,0.127411,0.129568,0.113125,0.091846,0.083811
0.078300,0.080747,0.064191,0.053882,0.075358,0.115963,0.093985,0.137370,0.171899,0.134025,0.116202,0.111481,0.121878,0.121111,0.127411,0.129568,0.113125,0.091846,0.083811,0.090189
0.080747,0.064191,0.053882,0.075358,0.115963,0.093985,0.137370,0.171899,0.134025,0.116202,0.111481,0.121878,0.121111,0.127411,0.129568,0.113125,0.091846,0.083811,0.090189,0.084863
0.064191,0.053882,0.075358,0.115963,0.093985,0.137370,0.171899,0.134025,0.116202,0.111481,0.121878,0.121111,0.127411,0.129568,0.113125,0.091846,0.083811,0.090189,0.084863,0.082765
0.053882,0.075358,0.115963,0.093985,0.137370,0.171899,0.134025,0.116202,0.111481,0.121878,0.121111,0.127411,0.129568,0.113125,0.091846,0.083811,0.090189,0.084863,0.082765,0.072918
0.075358,0.115963,0.093985,0.137370,0.171899,0.134025,0.116202,0.111481,0.121878,0.121111,0.127411,0.129568,0.113125,0.091846,0.083811,0.090189,0.084863,0.082765,0.072918,0.068719
0.115963,0.093985,0.137370,0.171899,0.134025,0.116202,0.111481,0.121878,0.121111,0.127411,0.129568,0.113125,0.091846,0.083811,0.090189,0.084863,0.082765,0.072918,0.068719,0.065291
0.093985,0.137370,0.171899,0.134025,0.116202,0.111481,0.121878,0.121111,0.127411,0.129568,0.113125,0.091846,0.083811,0.090189,0.084863,0.082765,0.072918,0.068719,0.065291,0.059766
0.137370,0.171899,0.134025,0.116202,0.111481,0.121878,0.121111,0.127411,0.129568,0.113125,0.091846,0.083811,0.090189,0.084863,0.082765,0.072918,0.068719,0.065291,0.059766,0.048923
0.171899,0.134025,0.116202,0.111481,0.121878,0.121111,0.127411,0.129568,0.113125,0.091846,0.083811,0.090189,0.084863,0.082765,0.072918,0.068719,0.065291,0.059766,0.048923,0.047713
0.134025,0.116202,0.111481,0.121878,0.121111,0.127411,0.129568,0.113125,0.091846,0.083811,0.090189,0.084863,0.082765,0.072918,0.068719,0.065291,0.059766,0.048923,0.047713,0.063823
0.116202,0.111481,0.121878,0.121111,0.127411,0.129568,0.113125,0.091846,0.083811,0.090189,0.084863,0.082765,0.072918,0.068719,0.065291,0.059766,0.048923,0.047713,0.063823,0.103052
0.111481,0.121878,0.121111,0.127411,0.129568,0.113125,0.091846,0.083811,0.090189,0.084863,0.082765,0.072918,0.068719,0.065291,0.059766,0.048923,0.047713,0.063823,0.103052,0.089565
0.121878,0.121111,0.127411,0.129568,0.113125,0.091846,0.083811,0.090189,0.084863,0.082765,0.072918,0.068719,0.065291,0.059766,0.048923,0.047713,0.063823,0.103052,0.089565,0.124128
0.121111,0.127411,0.129568,0.113125,0.091846,0.083811,0.090189,0.084863,0.082765,0.072918,0.068719,0.065291,0.059766,0.048923,0.047713,0.063823,0.103052,0.089565,0.124128,0.215017
0.127411,0.129568,0.113125,0.091846,0.083811,0.090189,0.084863,0.082765,0.072918,0.068719,0.065291,0.059766,0.048923,0.047713,0.063823,0.103052,0.089565,0.124128,0.215017,0.154131
0.129568,0.113125,0.091846,0.083811,0.090189,0.084863,0.082765,0.072918,0.068719,0.065291,0.059766,0.048923,0.047713,0.063823,0.103052,0.089565,0.124128,0.215017,0.154131,0.151511
0.113125,0.091846,0.083811,0.090189,0.084863,0.082765,0.072918,0.068719,0.065291,0.059766,0.048923,0.047713,0.063823,0.103052,0.089565,0.124128,0.215017,0.154131,0.151511,0.129569
0.091846,0.083811,0.090189,0.084863,0.082765,0.072918,0.068719,0.065291,0.059766,0.048923,0.047713,0.063823,0.103052,0.089565,0.124128,0.215017,0.154131,0.151511,0.129569,0.137255
0.083811,0.090189,0.084863,0.082765,0.072918,0.068719,0.065291,0.059766,0.048923,0.047713,0.063823,0.103052,0.089565,0.124128,0.215017,0.154131,0.151511,0.129569,0.137255,0.141398
0.090189,0.084863,0.082765,0.072918,0.068719,0.065291,0.059766,0.048923,0.047713,0.063823,0.103052,0.089565,0.124128,0.215017,0.154131,0.151511,0.129569,0.137255,0.141398,0.127036
0.084863,0.082765,0.072918,0.068719,0.065291,0.059766,0.048923,0.047713,0.063823,0.103052,0.089565,0.124128,0.215017,0.154131,0.151511,0.129569,0.137255,0.141398,0.127036,0.144791
0.082765,0.072918,0.068719,0.065291,0.059766,0.048923,0.047713,0.063823,0.103052,0.089565,0.124128,0.215017,0.154131,0.151511,0.129569,0.137255,0.141398,0.127036,0.144791,0.117415
0.072918,0.068719,0.065291,0.059766,0.048923,0.047713,0.063823,0.103052,0.089565,0.124128,0.215017,0.154131,0.151511,0.129569,0.137255,0.141398,0.127036,0.144791,0.117415,0.118756
0.068719,0.065291,0.059766,0.048923,0.047713,0.063823,0.103052,0.089565,0.124128,0.215017,0.154131,0.151511,0.129569,0.137255,0.141398,0.127036,0.144791,0.117415,0.118756,0.119006
0.065291,0.059766,0.048923,0.047713,0.063823,0.103052,0.089565,0.124128,0.215017,0.154131,0.151511,0.129569,0.137255,0.141398,0.127036,0.144791,0.117415,0.118756,0.119006,0.113554
0.059766,0.048923,0.047713,0.063823,0.103052,0.089565,0.124128,0.215017,0.154131,0.151511,0.129569,0.137255,0.141398,0.127036,0.144791,0.117415,0.118756,0.119006,0.113554,0.097902
0.048923,0.047713,0.063823,0.103052,0.089565,0.124128,0.215017,0.154131,0.151511,0.129569,0.137255,0.141398,0.127036,0.144791,0.117415,0.118756,0.119006,0.113554,0.097902,0.108439
0.047713,0.063823,0.103052,0.089565,0.124128,0.215017,0.154131,0.151511,0.129569,0.137255,0.141398,0.127036,0.144791,0.117415,0.118756,0.119006,0.113554,0.097902,0.108439,0.099510
0.063823,0.103052,0.089565,0.124128,0.215017,0.154131,0.151511,0.129569,0.137255,0.141398,0.127036,0.144791,0.117415,0.118756,0.119006,0.113554,0.097902,0.108439,0.099510,0.075467
0.103052,0.089565,0.124128,0.215017,0.154131,0.151511,0.129569,0.137255,0.141398,0.127036,0.144791,0.117415,0.118756,0.119006,0.113554,0.097902,0.108439,0.099510,0.075467,0.070158
0.089565,0.124128,0.215017,0.154131,0.151511,0.129569,0.137255,0.141398,0.127036,0.144791,0.117415,0.118756,0.119006,0.113554,0.097902,0.108439,0.099510,0.075467,0.070158,0.063338
0.124128,0.215017,0.154131,0.151511,0.129569,0.137255,0.141398,0.127036,0.144791,0.117415,0.118756,0.119006,0.113554,0.097902,0.108439,0.099510,0.075467,0.070158,0.063338,0.057823
0.215017,0.154131,0.151511,0.129569,0.137255,0.141398,0.127036,0.144791,0.117415,0.118756,0.119006,0.113554,0.097902,0.108439,0.099510,0.075467,0.070158,0.063338,0.057823,0.054069
0.154131,0.151511,0.129569,0.137255,0.141398,0.127036,0.144791,0.117415,0.118756,0.119006,0.113554,0.097902,0.108439,0.099510,0.075467,0.070158,0.063338,0.057823,0.054069,0.080054
0.151511,0.129569,0.137255,0.141398,0.127036,0.144791,0.117415,0.118756,0.119006,0.113554,0.097902,0.108439,0.099510,0.075467,0.070158,0.063338,0.057823,0.054069,0.080054,0.094207
0.129569,0.137255,0.141398,0.127036,0.144791,0.117415,0.118756,0.119006,0.113554,0.097902,0.108439,0.099510,0.075467,0.070158,0.063338,0.057823,0.054069,0.080054,0.094207,0.110804
0.137255,0.141398,0.127036,0.144791,0.117415,0.118756,0.119006,0.113554,0.097902,0.108439,0.099510,0.075467,0.070158,0.063338,0.057823,0.054069,0.080054,0.094207,0.110804,0.141097
0.141398,0.127036,0.144791,0.117415,0.118756,0.119006,0.113554,0.097902,0.108439,0.099510,0.075467,0.070158,0.063338,0.057823,0.054069,0.080054,0.094207,0.110804,0.141097,0.211732
0.127036,0.144791,0.117415,0.118756,0.119006,0.113554,0.097902,0.108439,0.099510,0.075467,0.070158,0.063338,0.057823,0.054069,0.080054,0.094207,0.110804,0.141097,0.211732,0.181084
0.144791,0.117415,0.118756,0.119006,0.113554,0.097902,0.108439,0.099510,0.075467,0.070158,0.063338,0.057823,0.054069,0.080054,0.094207,0.110804,0.141097,0.211732,0.181084,0.158333
0.117415,0.118756,0.119006,0.113554,0.097902,0.108439,0.099510,0.075467,0.070158,0.063338,0.057823,0.054069,0.080054,0.094207,0.110804,0.141097,0.211732,0.181084,0.158333,0.128908
0.118756,0.119006,0.113554,0.097902,0.108439,0.099510,0.075467,0.070158,0.063338,0.057823,0.054069,0.080054,0.094207,0.110804,0.141097,0.211732,0.181084,0.158333,0.128908,0.116029
0.119006,0.113554,0.097902,0.108439,0.099510,0.075467,0.070158,0.063338,0.057823,0.054069,0.080054,0.094207,0.110804,0.141097,0.211732,0.181084,0.158333,0.128908,0.116029,0.120866
0.113554,0.097902,0.108439,0.099510,0.075467,0.070158,0.063338,0.057823,0.054069,0.080054,0.094207,0.110804,0.141097,0.211732,0.181084,0.158333,0.128908,0.116029,0.120866,0.133739
0.097902,0.108439,0.099510,0.075467,0.070158,0.063338,0.057823,0.054069,0.080054,0.094207,0.110804,0.141097,0.211732,0.181084,0.158333,0.128908,0.116029,0.120866,0.133739,0.143019
0.108439,0.099510,0.075467,0.070158,0.063338,0.057823,0.054069,0.080054,0.094207,0.110804,0.141097,0.211732,0.181084,0.158333,0.128908,0.116029,0.120866,0.133739,0.143019,0.124923
0.099510,0.075467,0.070158,0.063338,0.057823,0.054069,0.080054,0.094207,0.110804,0.141097,0.211732,0.181084,0.158333,0.128908,0.116029,0.120866,0.133739,0.143019,0.124923,0.105074
0.075467,0.070158,0.063338,0.057823,0.054069,0.080054,0.094207,0.110804,0.141097,0.211732,0.181084,0.158333,0.128908,0.116029,0.120866,0.133739,0.143019,0.124923,0.105074,0.098308
0.070158,0.063338,0.057823,0.054069,0.080054,0.094207,0.110804,0.141097,0.211732,0.181084,0.158333,0.128908,0.116029,0.120866,0.133739,0.143019,0.124923,0.105074,0.098308,0.093170
0.063338,0.057823,0.054069,0.080054,0.094207,0.110804,0.141097,0.211732,0.181084,0.158333,0.128908,0.116029,0.120866,0.133739,0.143019,0.124923,0.105074,0.098308,0.093170,0.091882
0.057823,0.054069,0.080054,0.094207,0.110804,0.141097,0.211732,0.181084,0.158333,0.128908,0.116029,0.120866,0.133739,0.143019,0.124923,0.105074,0.098308,0.093170,0.091882,0.089447
0.054069,0.080054,0.094207,0.110804,0.141097,0.211732,0.181084,0.158333,0.128908,0.116029,0.120866,0.133739,0.143019,0.124923,0.105074,0.098308,0.093170,0.091882,0.089447,0.102030
0.080054,0.094207,0.110804,0.141097,0.211732,0.181084,0.158333,0.128908,0.116029,0.120866,0.133739,0.143019,0.124923,0.105074,0.098308,0.093170,0.091882,0.089447,0.102030,0.090308
0.094207,0.110804,0.141097,0.211732,0.181084,0.158333,0.128908,0.116029,0.120866,0.133739,0.143019,0.124923,0.105074,0.098308,0.093170,0.091882,0.089447,0.102030,0.090308,0.104687
0.110804,0.141097,0.211732,0.181084,0.158333,0.128908,0.116029,0.120866,0.133739,0.143019,0.124923,0.105074,0.098308,0.093170,0.091882,0.089447,0.102030,0.090308,0.104687,0.074925
0.141097,0.211732,0.181084,0.158333,0.128908,0.116029,0.120866,0.133739,0.143019,0.124923,0.105074,0.098308,0.093170,0.091882,0.089447,0.102030,0.090308,0.104687,0.074925,0.064918
0.211732,0.181084,0.158333,0.128908,0.116029,0.120866,0.133739,0.143019,0.124923,0.105074,0.098308,0.093170,0.091882,0.089447,0.102030,0.090308,0.104687,0.074925,0.064918,0.057168
0.181084,0.158333,0.128908,0.116029,0.120866,0.133739,0.143019,0.124923,0.105074,0.098308,0.093170,0.091882,0.089447,0.102030,0.090308,0.104687,0.074925,0.064918,0.057168,0.072717
0.158333,0.128908,0.116029,0.120866,0.133739,0.143019,0.124923,0.105074,0.098308,0.093170,0.091882,0.089447,0.102030,0.090308,0.104687,0.074925,0.064918,0.057168,0.072717,0.092596
0.128908,0.116029,0.120866,0.133739,0.143019,0.124923,0.105074,0.098308,0.093170,0.091882,0.089447,0.102030,0.090308,0.104687,0.074925,0.064918,0.057168,0.072717,0.092596,0.107063
0.116029,0.120866,0.133739,0.143019,0.124923,0.105074,0.098308,0.093170,0.091882,0.089447,0.102030,0.090308,0.104687,0.074925,0.064918,0.057168,0.072717,0.092596,0.107063,0.140642
0.120866,0.133739,0.143019,0.124923,0.105074,0.098308,0.093170,0.091882,0.089447,0.102030,0.090308,0.104687,0.074925,0.064918,0.057168,0.072717,0.092596,0.107063,0.140642,0.197115
0.133739,0.143019,0.124923,0.105074,0.098308,0.093170,0.091882,0.089447,0.102030,0.090308,0.104687,0.074925,0.064918,0.057168,0.072717,0.092596,0.107063,0.140642,0.197115,0.191170
0.143019,0.124923,0.105074,0.098308,0.093170,0.091882,0.089447,0.102030,0.090308,0.104687,0.074925,0.064918,0.057168,0.072717,0.092596,0.107063,0.140642,0.197115,0.191170,0.103025
0.124923,0.105074,0.098308,0.093170,0.091882,0.089447,0.102030,0.090308,0.104687,0.074925,0.064918,0.057168,0.072717,0.092596,0.107063,0.140642,0.197115,0.191170,0.103025,0.134268
0.105074,0.098308,0.093170,0.091882,0.089447,0.102030,0.090308,0.104687,0.074925,0.064918,0.057168,0.072717,0.092596,0.107063,0.140642,0.197115,0.191170,0.103025,0.134268,0.131250
0.098308,0.093170,0.091882,0.089447,0.102030,0.090308,0.104687,0.074925,0.064918,0.057168,0.072717,0.092596,0.107063,0.140642,0.197115,0.191170,0.103025,0.134268,0.131250,0.119453
0.093170,0.091882,0.089447,0.102030,0.090308,0.104687,0.074925,0.064918,0.057168,0.072717,0.092596,0.107063,0.140642,0.197115,0.191170,0.103025,0.134268,0.131250,0.119453,0.142299
0.091882,0.089447,0.102030,0.090308,0.104687,0.074925,0.064918,0.057168,0.072717,0.092596,0.107063,0.140642,0.197115,0.191170,0.103025,0.134268,0.131250,0.119453,0.142299,0.121895
0.089447,0.102030,0.090308,0.104687,0.074925,0.064918,0.057168,0.072717,0.092596,0.107063,0.140642,0.197115,0.191170,0.103025,0.134268,0.131250,0.119453,0.142299,0.121895,0.128389
0.102030,0.090308,0.104687,0.074925,0.064918,0.057168,0.072717,0.092596,0.107063,0.140642,0.197115,0.191170,0.103025,0.134268,0.131250,0.119453,0.142299,0.121895,0.128389,0.107594
0.090308,0.104687,0.074925,0.064918,0.057168,0.072717,0.092596,0.107063,0.140642,0.197115,0.191170,0.103025,0.134268,0.131250,0.119453,0.142299,0.121895,0.128389,0.107594,0.134993
0.104687,0.074925,0.064918,0.057168,0.072717,0.092596,0.107063,0.140642,0.197115,0.191170,0.103025,0.134268,0.131250,0.119453,0.142299,0.121895,0.128389,0.107594,0.134993,0.137509
0.074925,0.064918,0.057168,0.072717,0.092596,0.107063,0.140642,0.197115,0.191170,0.103025,0.134268,0.131250,0.119453,0.142299,0.121895,0.128389,0.107594,0.134993,0.137509,0.118356
0.064918,0.057168,0.072717,0.092596,0.107063,0.140642,0.197115,0.191170,0.103025,0.134268,0.131250,0.119453,0.142299,0.121895,0.128389,0.107594,0.134993,0.137509,0.118356,0.099568
0.057168,0.072717,0.092596,0.107063,0.140642,0.197115,0.191170,0.103025,0.134268,0.131250,0.119453,0.142299,0.121895,0.128389,0.107594,0.134993,0.137509,0.118356,0.099568,0.100750
0.072717,0.092596,0.107063,0.140642,0.197115,0.191170,0.103025,0.134268,0.131250,0.119453,0.142299,0.121895,0.128389,0.107594,0.134993,0.137509,0.118356,0.099568,0.100750,0.083612
0.092596,0.107063,0.140642,0.197115,0.191170,0.103025,0.134268,0.131250,0.119453,0.142299,0.121895,0.128389,0.107594,0.134993,0.137509,0.118356,0.099568,0.100750,0.083612,0.089215
0.107063,0.140642,0.197115,0.191170,0.103025,0.134268,0.131250,0.119453,0.142299,0.121895,0.128389,0.107594,0.134993,0.137509,0.118356,0.099568,0.100750,0.083612,0.089215,0.081011
0.140642,0.197115,0.191170,0.103025,0.134268,0.131250,0.119453,0.142299,0.121895,0.128389,0.107594,0.134993,0.137509,0.118356,0.099568,0.100750,0.083612,0.089215,0.081011,0.074013
0.197115,0.191170,0.103025,0.134268,0.131250,0.119453,0.142299,0.121895,0.128389,0.107594,0.134993,0.137509,0.118356,0.099568,0.100750,0.083612,0.089215,0.081011,0.074013,0.066150
0.191170,0.103025,0.134268,0.131250,0.119453,0.142299,0.121895,0.128389,0.107594,0.134993,0.137509,0.118356,0.099568,0.100750,0.083612,0.089215,0.081011,0.074013,0.066150,0.065890
0.103025,0.134268,0.131250,0.119453,0.142299,0.121895,0.128389,0.107594,0.134993,0.137509,0.118356,0.099568,0.100750,0.083612,0.089215,0.081011,0.074013,0.066150,0.065890,0.065890
0.134268,0.131250,0.119453,0.142299,0.121895,0.128389,0.107594,0.134993,0.137509,0.118356,0.099568,0.100750,0.083612,0.089215,0.081011,0.074013,0.066150,0.065890,0.065890,0.079505
0.131250,0.119453,0.142299,0.121895,0.128389,0.107594,0.134993,0.137509,0.118356,0.099568,0.100750,0.083612,0.089215,0.081011,0.074013,0.066150,0.065890,0.065890,0.079505,0.100915
0.119453,0.142299,0.121895,0.128389,0.107594,0.134993,0.137509,0.118356,0.099568,0.100750,0.083612,0.089215,0.081011,0.074013,0.066150,0.065890,0.065890,0.079505,0.100915,0.150614
0.142299,0.121895,0.128389,0.107594,0.134993,0.137509,0.118356,0.099568,0.100750,0.083612,0.089215,0.081011,0.074013,0.066150,0.065890,0.065890,0.079505,0.100915,0.150614,0.161642
0.121895,0.128389,0.107594,0.134993,0.137509,0.118356,0.099568,0.100750,0.083612,0.089215,0.081011,0.074013,0.066150,0.065890,0.065890,0.079505,0.100915,0.150614,0.161642,0.186170
0.128389,0.107594,0.134993,0.137509,0.118356,0.099568,0.100750,0.083612,0.089215,0.081011,0.074013,0.066150,0.065890,0.065890,0.079505,0.100915,0.150614,0.161642,0.186170,0.120856
0.107594,0.134993,0.137509,0.118356,0.099568,0.100750,0.083612,0.089215,0.081011,0.074013,0.066150,0.065890,0.065890,0.079505,0.100915,0.150614,0.161642,0.186170,0.120856,0.139668
0.134993,0.137509,0.118356,0.099568,0.100750,0.083612,0.089215,0.081011,0.074013,0.066150,0.065890,0.065890,0.079505,0.100915,0.150614,0.161642,0.186170,0.120856,0.139668,0.148098
0.137509,0.118356,0.099568,0.100750,0.083612,0.089215,0.081011,0.074013,0.066150,0.065890,0.065890,0.079505,0.100915,0.150614,0.161642,0.186170,0.120856,0.139668,0.148098,0.150741
0.118356,0.099568,0.100750,0.083612,0.089215,0.081011,0.074013,0.066150,0.065890,0.065890,0.079505,0.100915,0.150614,0.161642,0.186170,0.120856,0.139668,0.148098,0.150741,0.128050
0.099568,0.100750,0.083612,0.089215,0.081011,0.074013,0.066150,0.065890,0.065890,0.079505,0.100915,0.150614,0.161642,0.186170,0.120856,0.139668,0.148098,0.150741,0.128050,0.123236
0.100750,0.083612,0.089215,0.081011,0.074013,0.066150,0.065890,0.065890,0.079505,0.100915,0.150614,0.161642,0.186170,0.120856,0.139668,0.148098,0.150741,0.128050,0.123236,0.113632
0.083612,0.089215,0.081011,0.074013,0.066150,0.065890,0.065890,0.079505,0.100915,0.150614,0.161642,0.186170,0.120856,0.139668,0.148098,0.150741,0.128050,0.123236,0.113632,0.103065
0.089215,0.081011,0.074013,0.066150,0.065890,0.065890,0.079505,0.100915,0.150614,0.161642,0.186170,0.120856,0.139668,0.148098,0.150741,0.128050,0.123236,0.113632,0.103065,0.102137
0.081011,0.074013,0.066150,0.065890,0.065890,0.079505,0.100915,0.150614,0.161642,0.186170,0.120856,0.139668,0.148098,0.150741,0.128050,0.123236,0.113632,0.103065,0.102137,0.116293
0.074013,0.066150,0.065890,0.065890,0.079505,0.100915,0.150614,0.161642,0.186170,0.120856,0.139668,0.148098,0.150741,0.128050,0.123236,0.113632,0.103065,0.102137,0.116293,0.096219
0.066150,0.065890,0.065890,0.079505,0.100915,0.150614,0.161642,0.186170,0.120856,0.139668,0.148098,0.150741,0.128050,0.123236,0.113632,0.103065,0.102137,0.116293,0.096219,0.092603
0.065890,0.065890,0.079505,0.100915,0.150614,0.161642,0.186170,0.120856,0.139668,0.148098,0.150741,0.128050,0.123236,0.113632,0.103065,0.102137,0.116293,0.096219,0.092603,0.099338
0.065890,0.079505,0.100915,0.150614,0.161642,0.186170,0.120856,0.139668,0.148098,0.150741,0.128050,0.123236,0.113632,0.103065,0.102137,0.116293,0.096219,0.092603,0.099338,0.085426
0.079505,0.100915,0.150614,0.161642,0.186170,0.120856,0.139668,0.148098,0.150741,0.128050,0.123236,0.113632,0.103065,0.102137,0.116293,0.096219,0.092603,0.099338,0.085426,0.072626
0.100915,0.150614,0.161642,0.186170,0.120856,0.139668,0.148098,0.150741,0.128050,0.123236,0.113632,0.103065,0.102137,0.116293,0.096219,0.092603,0.099338,0.085426,0.072626,0.068972
0.150614,0.161642,0.186170,0.120856,0.139668,0.148098,0.150741,0.128050,0.123236,0.113632,0.103065,0.102137,0.116293,0.096219,0.092603,0.099338,0.085426,0.072626,0.068972,0.065961
0.161642,0.186170,0.120856,0.139668,0.148098,0.150741,0.128050,0.123236,0.113632,0.103065,0.102137,0.116293,0.096219,0.092603,0.099338,0.085426,0.072626,0.068972,0.065961,0.054697
0.186170,0.120856,0.139668,0.148098,0.150741,0.128050,0.123236,0.113632,0.103065,0.102137,0.116293,0.096219,0.092603,0.099338,0.085426,0.072626,0.068972,0.065961,0.054697,0.079528
0.120856,0.139668,0.148098,0.150741,0.128050,0.123236,0.113632,0.103065,0.102137,0.116293,0.096219,0.092603,0.099338,0.085426,0.072626,0.068972,0.065961,0.054697,0.079528,0.092346
0.139668,0.148098,0.150741,0.128050,0.123236,0.113632,0.103065,0.102137,0.116293,0.096219,0.092603,0.099338,0.085426,0.072626,0.068972,0.065961,0.054697,0.079528,0.092346,0.105987
0.148098,0.150741,0.128050,0.123236,0.113632,0.103065,0.102137,0.116293,0.096219,0.092603,0.099338,0.085426,0.072626,0.068972,0.065961,0.054697,0.079528,0.092346,0.105987,0.165223
0.150741,0.128050,0.123236,0.113632,0.103065,0.102137,0.116293,0.096219,0.092603,0.099338,0.085426,0.072626,0.068972,0.065961,0.054697,0.079528,0.092346,0.105987,0.165223,0.175538
0.128050,0.123236,0.113632,0.103065,0.102137,0.116293,0.096219,0.092603,0.099338,0.085426,0.072626,0.068972,0.065961,0.054697,0.079528,0.092346,0.105987,0.165223,0.175538,0.151849
0.123236,0.113632,0.103065,0.102137,0.116293,0.096219,0.092603,0.099338,0.085426,0.072626,0.068972,0.065961,0.054697,0.079528,0.092346,0.105987,0.165223,0.175538,0.151849,0.177138
0.113632,0.103065,0.102137,0.116293,0.096219,0.092603,0.099338,0.085426,0.072626,0.068972,0.065961,0.054697,0.079528,0.092346,0.105987,0.165223,0.175538,0.151849,0.177138,0.121360
0.103065,0.102137,0.116293,0.096219,0.092603,0.099338,0.085426,0.072626,0.068972,0.065961,0.054697,0.079528,0.092346,0.105987,0.165223,0.175538,0.151849,0.177138,0.121360,0.131616
0.102137,0.116293,0.096219,0.092603,0.099338,0.085426,0.072626,0.068972,0.065961,0.054697,0.079528,0.092346,0.105987,0.165223,0.175538,0.151849,0.177138,0.121360,0.131616,0.145436
0.116293,0.096219,0.092603,0.099338,0.085426,0.072626,0.068972,0.065961,0.054697,0.079528,0.092346,0.105987,0.165223,0.175538,0.151849,0.177138,0.121360,0.131616,0.145436,0.131875
0.096219,0.092603,0.099338,0.085426,0.072626,0.068972,0.065961,0.054697,0.079528,0.092346,0.105987,0.165223,0.175538,0.151849,0.177138,0.121360,0.131616,0.145436,0.131875,0.145089
0.092603,0.099338,0.085426,0.072626,0.068972,0.065961,0.054697,0.079528,0.092346,0.105987,0.165223,0.175538,0.151849,0.177138,0.121360,0.131616,0.145436,0.131875,0.145089,0.138505
0.099338,0.085426,0.072626,0.068972,0.065961,0.054697,0.079528,0.092346,0.105987,0.165223,0.175538,0.151849,0.177138,0.121360,0.131616,0.145436,0.131875,0.145089,0.138505,0.123758
0.085426,0.072626,0.068972,0.065961,0.054697,0.079528,0.092346,0.105987,0.165223,0.175538,0.151849,0.177138,0.121360,0.131616,0.145436,0.131875,0.145089,0.138505,0.123758,0.117988
0.072626,0.068972,0.065961,0.054697,0.079528,0.092346,0.105987,0.165223,0.175538,0.151849,0.177138,0.121360,0.131616,0.145436,0.131875,0.145089,0.138505,0.123758,0.117988,0.110224
0.068972,0.065961,0.054697,0.079528,0.092346,0.105987,0.165223,0.175538,0.151849,0.177138,0.121360,0.131616,0.145436,0.131875,0.145089,0.138505,0.123758,0.117988,0.110224,0.107445
0.065961,0.054697,0.079528,0.092346,0.105987,0.165223,0.175538,0.151849,0.177138,0.121360,0.131616,0.145436,0.131875,0.145089,0.138505,0.123758,0.117988,0.110224,0.107445,0.103782
0.054697,0.079528,0.092346,0.105987,0.165223,0.175538,0.151849,0.177138,0.121360,0.131616,0.145436,0.131875,0.145089,0.138505,0.123758,0.117988,0.110224,0.107445,0.103782,0.095651
0.079528,0.092346,0.105987,0.165223,0.175538,0.151849,0.177138,0.121360,0.131616,0.145436,0.131875,0.145089,0.138505,0.123758,0.117988,0.110224,0.107445,0.103782,0.095651,0.101652
0.092346,0.105987,0.165223,0.175538,0.151849,0.177138,0.121360,0.131616,0.145436,0.131875,0.145089,0.138505,0.123758,0.117988,0.110224,0.107445,0.103782,0.095651,0.101652,0.085006
0.105987,0.165223,0.175538,0.151849,0.177138,0.121360,0.131616,0.145436,0.131875,0.145089,0.138505,0.123758,0.117988,0.110224,0.107445,0.103782,0.095651,0.101652,0.085006,0.085548
0.165223,0.175538,0.151849,0.177138,0.121360,0.131616,0.145436,0.131875,0.145089,0.138505,0.123758,0.117988,0.110224,0.107445,0.103782,0.095651,0.101652,0.085006,0.085548,0.079329
0.175538,0.151849,0.177138,0.121360,0.131616,0.145436,0.131875,0.145089,0.138505,0.123758,0.117988,0.110224,0.107445,0.103782,0.095651,0.101652,0.085006,0.085548,0.079329,0.074984
0.151849,0.177138,0.121360,0.131616,0.145436,0.131875,0.145089,0.138505,0.123758,0.117988,0.110224,0.107445,0.103782,0.095651,0.101652,0.085006,0.085548,0.079329,0.074984,0.095668
0.177138,0.121360,0.131616,0.145436,0.131875,0.145089,0.138505,0.123758,0.117988,0.110224,0.107445,0.103782,0.095651,0.101652,0.085006,0.085548,0.079329,0.074984,0.095668,0.098101
0.121360,0.131616,0.145436,0.131875,0.145089,0.138505,0.123758,0.117988,0.110224,0.107445,0.103782,0.095651,0.101652,0.085006,0.085548,0.079329,0.074984,0.095668,0.098101,0.110381
0.131616,0.145436,0.131875,0.145089,0.138505,0.123758,0.117988,0.110224,0.107445,0.103782,0.095651,0.101652,0.085006,0.085548,0.079329,0.074984,0.095668,0.098101,0.110381,0.135074
0.145436,0.131875,0.145089,0.138505,0.123758,0.117988,0.110224,0.107445,0.103782,0.095651,0.101652,0.085006,0.085548,0.079329,0.074984,0.095668,0.098101,0.110381,0.135074,0.163688
0.131875,0.145089,0.138505,0.123758,0.117988,0.110224,0.107445,0.103782,0.095651,0.101652,0.085006,0.085548,0.079329,0.074984,0.095668,0.098101,0.110381,0.135074,0.163688,0.147275
0.145089,0.138505,0.123758,0.117988,0.110224,0.107445,0.103782,0.095651,0.101652,0.085006,0.085548,0.079329,0.074984,0.095668,0.098101,0.110381,0.135074,0.163688,0.147275,0.118717
0.138505,0.123758,0.117988,0.110224,0.107445,0.103782,0.095651,0.101652,0.085006,0.085548,0.079329,0.074984,0.095668,0.098101,0.110381,0.135074,0.163688,0.147275,0.118717,0.154738
0.123758,0.117988,0.110224,0.107445,0.103782,0.095651,0.101652,0.085006,0.085548,0.079329,0.074984,0.095668,0.098101,0.110381,0.135074,0.163688,0.147275,0.118717,0.154738,0.134536
0.117988,0.110224,0.107445,0.103782,0.095651,0.101652,0.085006,0.085548,0.079329,0.074984,0.095668,0.098101,0.110381,0.135074,0.163688,0.147275,0.118717,0.154738,0.134536,0.131928
0.110224,0.107445,0.103782,0.095651,0.101652,0.085006,0.085548,0.079329,0.074984,0.095668,0.098101,0.110381,0.135074,0.163688,0.147275,0.118717,0.154738,0.134536,0.131928,0.126748
0.107445,0.103782,0.095651,0.101652,0.085006,0.085548,0.079329,0.074984,0.095668,0.098101,0.110381,0.135074,0.163688,0.147275,0.118717,0.154738,0.134536,0.131928,0.126748,0.120754
0.103782,0.095651,0.101652,0.085006,0.085548,0.079329,0.074984,0.095668,0.098101,0.110381,0.135074,0.163688,0.147275,0.118717,0.154738,0.134536,0.131928,0.126748,0.120754,0.118396
0.095651,0.101652,0.085006,0.085548,0.079329,0.074984,0.095668,0.098101,0.110381,0.135074,0.163688,0.147275,0.118717,0.154738,0.134536,0.131928,0.126748,0.120754,0.118396,0.103738
0.101652,0.085006,0.085548,0.079329,0.074984,0.095668,0.098101,0.110381,0.135074,0.163688,0.147275,0.118717,0.154738,0.134536,0.131928,0.126748,0.120754,0.118396,0.103738,0.100345
0.085006,0.085548,0.079329,0.074984,0.095668,0.098101,0.110381,0.135074,0.163688,0.147275,0.118717,0.154738,0.134536,0.131928,0.126748,0.120754,0.118396,0.103738,0.100345,0.098474
0.085548,0.079329,0.074984,0.095668,0.098101,0.110381,0.135074,0.163688,0.147275,0.118717,0.154738,0.134536,0.131928,0.126748,0.120754,0.118396,0.103738,0.100345,0.098474,0.098512
0.079329,0.074984,0.095668,0.098101,0.110381,0.135074,0.163688,0.147275,0.118717,0.154738,0.134536,0.131928,0.126748,0.120754,0.118396,0.103738,0.100345,0.098474,0.098512,0.095414
0.074984,0.095668,0.098101,0.110381,0.135074,0.163688,0.147275,0.118717,0.154738,0.134536,0.131928,0.126748,0.120754,0.118396,0.103738,0.100345,0.098474,0.098512,0.095414,0.086073
0.095668,0.098101,0.110381,0.135074,0.163688,0.147275,0.118717,0.154738,0.134536,0.131928,0.126748,0.120754,0.118396,0.103738,0.100345,0.098474,0.098512,0.095414,0.086073,0.082103
0.098101,0.110381,0.135074,0.163688,0.147275,0.118717,0.154738,0.134536,0.131928,0.126748,0.120754,0.118396,0.103738,0.100345,0.098474,0.098512,0.095414,0.086073,0.082103,0.072764
0.110381,0.135074,0.163688,0.147275,0.118717,0.154738,0.134536,0.131928,0.126748,0.120754,0.118396,0.103738,0.100345,0.098474,0.098512,0.095414,0.086073,0.082103,0.072764,0.062753
0.135074,0.163688,0.147275,0.118717,0.154738,0.134536,0.131928,0.126748,0.120754,0.118396,0.103738,0.100345,0.098474,0.098512,0.095414,0.086073,0.082103,0.072764,0.062753,0.058738
0.163688,0.147275,0.118717,0.154738,0.134536,0.131928,0.126748,0.120754,0.118396,0.103738,0.100345,0.098474,0.098512,0.095414,0.086073,0.082103,0.072764,0.062753,0.058738,0.047936
0.147275,0.118717,0.154738,0.134536,0.131928,0.126748,0.120754,0.118396,0.103738,0.100345,0.098474,0.098512,0.095414,0.086073,0.082103,0.072764,0.062753,0.058738,0.047936,0.068214
0.118717,0.154738,0.134536,0.131928,0.126748,0.120754,0.118396,0.103738,0.100345,0.098474,0.098512,0.095414,0.086073,0.082103,0.072764,0.062753,0.058738,0.047936,0.068214,0.075954
0.154738,0.134536,0.131928,0.126748,0.120754,0.118396,0.103738,0.100345,0.098474,0.098512,0.095414,0.086073,0.082103,0.072764,0.062753,0.058738,0.047936,0.068214,0.075954,0.106374
0.134536,0.131928,0.126748,0.120754,0.118396,0.103738,0.100345,0.098474,0.098512,0.095414,0.086073,0.082103,0.072764,0.062753,0.058738,0.047936,0.068214,0.075954,0.106374,0.096925
0.131928,0.126748,0.120754,0.118396,0.103738,0.100345,0.098474,0.098512,0.095414,0.086073,0.082103,0.072764,0.062753,0.058738,0.047936,0.068214,0.075954,0.106374,0.096925,0.170033
0.126748,0.120754,0.118396,0.103738,0.100345,0.098474,0.098512,0.095414,0.086073,0.082103,0.072764,0.062753,0.058738,0.047936,0.068214,0.075954,0.106374,0.096925,0.170033,0.124548
0.120754,0.118396,0.103738,0.100345,0.098474,0.098512,0.095414,0.086073,0.082103,0.072764,0.062753,0.058738,0.047936,0.068214,0.075954,0.106374,0.096925,0.170033,0.124548,0.114636
0.118396,0.103738,0.100345,0.098474,0.098512,0.095414,0.086073,0.082103,0.072764,0.062753,0.058738,0.047936,0.068214,0.075954,0.106374,0.096925,0.170033,0.124548,0.114636,0.103448
0.103738,0.100345,0.098474,0.098512,0.095414,0.086073,0.082103,0.072764,0.062753,0.058738,0.047936,0.068214,0.075954,0.106374,0.096925,0.170033,0.124548,0.114636,0.103448,0.116266
0.100345,0.098474,0.098512,0.095414,0.086073,0.082103,0.072764,0.062753,0.058738,0.047936,0.068214,0.075954,0.106374,0.096925,0.170033,0.124548,0.114636,0.103448,0.116266,0.126610
0.098474,0.098512,0.095414,0.086073,0.082103,0.072764,0.062753,0.058738,0.047936,0.068214,0.075954,0.106374,0.096925,0.170033,0.124548,0.114636,0.103448,0.116266,0.126610,0.130183
0.098512,0.095414,0.086073,0.082103,0.072764,0.062753,0.058738,0.047936,0.068214,0.075954,0.106374,0.096925,0.170033,0.124548,0.114636,0.103448,0.116266,0.126610,0.130183,0.120177
0.095414,0.086073,0.082103,0.072764,0.062753,0.058738,0.047936,0.068214,0.075954,0.106374,0.096925,0.170033,0.124548,0.114636,0.103448,0.116266,0.126610,0.130183,0.120177,0.111587
0.086073,0.082103,0.072764,0.062753,0.058738,0.047936,0.068214,0.075954,0.106374,0.096925,0.170033,0.124548,0.114636,0.103448,0.116266,0.126610,0.130183,0.120177,0.111587,0.097624
0.082103,0.072764,0.062753,0.058738,0.047936,0.068214,0.075954,0.106374,0.096925,0.170033,0.124548,0.114636,0.103448,0.116266,0.126610,0.130183,0.120177,0.111587,0.097624,0.094838
0.072764,0.062753,0.058738,0.047936,0.068214,0.075954,0.106374,0.096925,0.170033,0.124548,0.114636,0.103448,0.116266,0.126610,0.130183,0.120177,0.111587,0.097624,0.094838,0.084058
0.062753,0.058738,0.047936,0.068214,0.075954,0.106374,0.096925,0.170033,0.124548,0.114636,0.103448,0.116266,0.126610,0.130183,0.120177,0.111587,0.097624,0.094838,0.084058,0.074329
0.058738,0.047936,0.068214,0.075954,0.106374,0.096925,0.170033,0.124548,0.114636,0.103448,0.116266,0.126610,0.130183,0.120177,0.111587,0.097624,0.094838,0.084058,0.074329,0.071233
0.047936,0.068214,0.075954,0.106374,0.096925,0.170033,0.124548,0.114636,0.103448,0.116266,0.126610,0.130183,0.120177,0.111587,0.097624,0.094838,0.084058,0.074329,0.071233,0.066842
0.068214,0.075954,0.106374,0.096925,0.170033,0.124548,0.114636,0.103448,0.116266,0.126610,0.130183,0.120177,0.111587,0.097624,0.094838,0.084058,0.074329,0.071233,0.066842,0.071921
0.075954,0.106374,0.096925,0.170033,0.124548,0.114636,0.103448,0.116266,0.126610,0.130183,0.120177,0.111587,0.097624,0.094838,0.084058,0.074329,0.071233,0.066842,0.071921,0.060040
0.106374,0.096925,0.170033,0.124548,0.114636,0.103448,0.116266,0.126610,0.130183,0.120177,0.111587,0.097624,0.094838,0.084058,0.074329,0.071233,0.066842,0.071921,0.060040,0.055516
0.096925,0.170033,0.124548,0.114636,0.103448,0.116266,0.126610,0.130183,0.120177,0.111587,0.097624,0.094838,0.084058,0.074329,0.071233,0.066842,0.071921,0.060040,0.055516,0.049092
0.170033,0.124548,0.114636,0.103448,0.116266,0.126610,0.130183,0.120177,0.111587,0.097624,0.094838,0.084058,0.074329,0.071233,0.066842,0.071921,0.060040,0.055516,0.049092,0.042360
0.124548,0.114636,0.103448,0.116266,0.126610,0.130183,0.120177,0.111587,0.097624,0.094838,0.084058,0.074329,0.071233,0.066842,0.071921,0.060040,0.055516,0.049092,0.042360,0.060654
0.114636,0.103448,0.116266,0.126610,0.130183,0.120177,0.111587,0.097624,0.094838,0.084058,0.074329,0.071233,0.066842,0.071921,0.060040,0.055516,0.049092,0.042360,0.060654,0.077757
0.103448,0.116266,0.126610,0.130183,0.120177,0.111587,0.097624,0.094838,0.084058,0.074329,0.071233,0.066842,0.071921,0.060040,0.055516,0.049092,0.042360,0.060654,0.077757,0.087380
0.116266,0.126610,0.130183,0.120177,0.111587,0.097624,0.094838,0.084058,0.074329,0.071233,0.066842,0.071921,0.060040,0.055516,0.049092,0.042360,0.060654,0.077757,0.087380,0.129605
0.126610,0.130183,0.120177,0.111587,0.097624,0.094838,0.084058,0.074329,0.071233,0.066842,0.071921,0.060040,0.055516,0.049092,0.042360,0.060654,0.077757,0.087380,0.129605,0.158345
0.130183,0.120177,0.111587,0.097624,0.094838,0.084058,0.074329,0.071233,0.066842,0.071921,0.060040,0.055516,0.049092,0.042360,0.060654,0.077757,0.087380,0.129605,0.158345,0.138107
0.120177,0.111587,0.097624,0.094838,0.084058,0.074329,0.071233,0.066842,0.071921,0.060040,0.055516,0.049092,0.042360,0.060654,0.077757,0.087380,0.129605,0.158345,0.138107,0.150680
0.111587,0.097624,0.094838,0.084058,0.074329,0.071233,0.066842,0.071921,0.060040,0.055516,0.049092,0.042360,0.060654,0.077757,0.087380,0.129605,0.158345,0.138107,0.150680,0.116778
0.097624,0.094838,0.084058,0.074329,0.071233,0.066842,0.071921,0.060040,0.055516,0.049092,0.042360,0.060654,0.077757,0.087380,0.129605,0.158345,0.138107,0.150680,0.116778,0.096695
0.094838,0.084058,0.074329,0.071233,0.066842,0.071921,0.060040,0.055516,0.049092,0.042360,0.060654,0.077757,0.087380,0.129605,0.158345,0.138107,0.150680,0.116778,0.096695,0.123993
0.084058,0.074329,0.071233,0.066842,0.071921,0.060040,0.055516,0.049092,0.042360,0.060654,0.077757,0.087380,0.129605,0.158345,0.138107,0.150680,0.116778,0.096695,0.123993,0.110816
0.074329,0.071233,0.066842,0.071921,0.060040,0.055516,0.049092,0.042360,0.060654,0.077757,0.087380,0.129605,0.158345,0.138107,0.150680,0.116778,0.096695,0.123993,0.110816,0.129307
0.071233,0.066842,0.071921,0.060040,0.055516,0.049092,0.042360,0.060654,0.077757,0.087380,0.129605,0.158345,0.138107,0.150680,0.116778,0.096695,0.123993,0.110816,0.129307,0.125941
0.066842,0.071921,0.060040,0.055516,0.049092,0.042360,0.060654,0.077757,0.087380,0.129605,0.158345,0.138107,0.150680,0.116778,0.096695,0.123993,0.110816,0.129307,0.125941,0.102138
0.071921,0.060040,0.055516,0.049092,0.042360,0.060654,0.077757,0.087380,0.129605,0.158345,0.138107,0.150680,0.116778,0.096695,0.123993,0.110816,0.129307,0.125941,0.102138,0.094174
0.060040,0.055516,0.049092,0.042360,0.060654,0.077757,0.087380,0.129605,0.158345,0.138107,0.150680,0.116778,0.096695,0.123993,0.110816,0.129307,0.125941,0.102138,0.094174,0.109445
0.055516,0.049092,0.042360,0.060654,0.077757,0.087380,0.129605,0.158345,0.138107,0.150680,0.116778,0.096695,0.123993,0.110816,0.129307,0.125941,0.102138,0.094174,0.109445,0.087268
0.049092,0.042360,0.060654,0.077757,0.087380,0.129605,0.158345,0.138107,0.150680,0.116778,0.096695,0.123993,0.110816,0.129307,0.125941,0.102138,0.094174,0.109445,0.087268,0.089006
0.042360,0.060654,0.077757,0.087380,0.129605,0.158345,0.138107,0.150680,0.116778,0.096695,0.123993,0.110816,0.129307,0.125941,0.102138,0.094174,0.109445,0.087268,0.089006,0.087062
0.060654,0.077757,0.087380,0.129605,0.158345,0.138107,0.150680,0.116778,0.096695,0.123993,0.110816,0.129307,0.125941,0.102138,0.094174,0.109445,0.087268,0.089006,0.087062,0.084105
0.077757,0.087380,0.129605,0.158345,0.138107,0.150680,0.116778,0.096695,0.123993,0.110816,0.129307,0.125941,0.102138,0.094174,0.109445,0.087268,0.089006,0.087062,0.084105,0.076115
0.087380,0.129605,0.158345,0.138107,0.150680,0.116778,0.096695,0.123993,0.110816,0.129307,0.125941,0.102138,0.094174,0.109445,0.087268,0.089006,0.087062,0.084105,0.076115,0.060006
0.129605,0.158345,0.138107,0.150680,0.116778,0.096695,0.123993,0.110816,0.129307,0.125941,0.102138,0.094174,0.109445,0.087268,0.089006,0.087062,0.084105,0.076115,0.060006,0.054296
0.158345,0.138107,0.150680,0.116778,0.096695,0.123993,0.110816,0.129307,0.125941,0.102138,0.094174,0.109445,0.087268,0.089006,0.087062,0.084105,0.076115,0.060006,0.054296,0.051953
0.138107,0.150680,0.116778,0.096695,0.123993,0.110816,0.129307,0.125941,0.102138,0.094174,0.109445,0.087268,0.089006,0.087062,0.084105,0.076115,0.060006,0.054296,0.051953,0.092441
0.150680,0.116778,0.096695,0.123993,0.110816,0.129307,0.125941,0.102138,0.094174,0.109445,0.087268,0.089006,0.087062,0.084105,0.076115,0.060006,0.054296,0.051953,0.092441,0.109405
0.116778,0.096695,0.123993,0.110816,0.129307,0.125941,0.102138,0.094174,0.109445,0.087268,0.089006,0.087062,0.084105,0.076115,0.060006,0.054296,0.051953,0.092441,0.109405,0.122962
0.096695,0.123993,0.110816,0.129307,0.125941,0.102138,0.094174,0.109445,0.087268,0.089006,0.087062,0.084105,0.076115,0.060006,0.054296,0.051953,0.092441,0.109405,0.122962,0.147909
0.123993,0.110816,0.129307,0.125941,0.102138,0.094174,0.109445,0.087268,0.089006,0.087062,0.084105,0.076115,0.060006,0.054296,0.051953,0.092441,0.109405,0.122962,0.147909,0.152699
0.110816,0.129307,0.125941,0.102138,0.094174,0.109445,0.087268,0.089006,0.087062,0.084105,0.076115,0.060006,0.054296,0.051953,0.092441,0.109405,0.122962,0.147909,0.152699,0.154188
0.129307,0.125941,0.102138,0.094174,0.109445,0.087268,0.089006,0.087062,0.084105,0.076115,0.060006,0.054296,0.051953,0.092441,0.109405,0.122962,0.147909,0.152699,0.154188,0.115841
0.125941,0.102138,0.094174,0.109445,0.087268,0.089006,0.087062,0.084105,0.076115,0.060006,0.054296,0.051953,0.092441,0.109405,0.122962,0.147909,0.152699,0.154188,0.115841,0.110201
0.102138,0.094174,0.109445,0.087268,0.089006,0.087062,0.084105,0.076115,0.060006,0.054296,0.051953,0.092441,0.109405,0.122962,0.147909,0.152699,0.154188,0.115841,0.110201,0.110076
0.094174,0.109445,0.087268,0.089006,0.087062,0.084105,0.076115,0.060006,0.054296,0.051953,0.092441,0.109405,0.122962,0.147909,0.152699,0.154188,0.115841,0.110201,0.110076,0.108673
0.109445,0.087268,0.089006,0.087062,0.084105,0.076115,0.060006,0.054296,0.051953,0.092441,0.109405,0.122962,0.147909,0.152699,0.154188,0.115841,0.110201,0.110076,0.108673,0.106679
0.087268,0.089006,0.087062,0.084105,0.076115,0.060006,0.054296,0.051953,0.092441,0.109405,0.122962,0.147909,0.152699,0.154188,0.115841,0.110201,0.110076,0.108673,0.106679,0.107908
0.089006,0.087062,0.084105,0.076115,0.060006,0.054296,0.051953,0.092441,0.109405,0.122962,0.147909,0.152699,0.154188,0.115841,0.110201,0.110076,0.108673,0.106679,0.107908,0.119510
0.087062,0.084105,0.076115,0.060006,0.054296,0.051953,0.092441,0.109405,0.122962,0.147909,0.152699,0.154188,0.115841,0.110201,0.110076,0.108673,0.106679,0.107908,0.119510,0.101548
0.084105,0.076115,0.060006,0.054296,0.051953,0.092441,0.109405,0.122962,0.147909,0.152699,0.154188,0.115841,0.110201,0.110076,0.108673,0.106679,0.107908,0.119510,0.101548,0.111957
0.076115,0.060006,0.054296,0.051953,0.092441,0.109405,0.122962,0.147909,0.152699,0.154188,0.115841,0.110201,0.110076,0.108673,0.106679,0.107908,0.119510,0.101548,0.111957,0.101444
0.060006,0.054296,0.051953,0.092441,0.109405,0.122962,0.147909,0.152699,0.154188,0.115841,0.110201,0.110076,0.108673,0.106679,0.107908,0.119510,0.101548,0.111957,0.101444,0.075349
0.054296,0.051953,0.092441,0.109405,0.122962,0.147909,0.152699,0.154188,0.115841,0.110201,0.110076,0.108673,0.106679,0.107908,0.119510,0.101548,0.111957,0.101444,0.075349,0.065388
0.051953,0.092441,0.109405,0.122962,0.147909,0.152699,0.154188,0.115841,0.110201,0.110076,0.108673,0.106679,0.107908,0.119510,0.101548,0.111957,0.101444,0.075349,0.065388,0.089247
0.092441,0.109405,0.122962,0.147909,0.152699,0.154188,0.115841,0.110201,0.110076,0.108673,0.106679,0.107908,0.119510,0.101548,0.111957,0.101444,0.075349,0.065388,0.089247,0.081306
0.109405,0.122962,0.147909,0.152699,0.154188,0.115841,0.110201,0.110076,0.108673,0.106679,0.107908,0.119510,0.101548,0.111957,0.101444,0.075349,0.065388,0.089247,0.081306,0.093861
0.122962,0.147909,0.152699,0.154188,0.115841,0.110201,0.110076,0.108673,0.106679,0.107908,0.119510,0.101548,0.111957,0.101444,0.075349,0.065388,0.089247,0.081306,0.093861,0.079748
0.147909,0.152699,0.154188,0.115841,0.110201,0.110076,0.108673,0.106679,0.107908,0.119510,0.101548,0.111957,0.101444,0.075349,0.065388,0.089247,0.081306,0.093861,0.079748,0.066393
0.152699,0.154188,0.115841,0.110201,0.110076,0.108673,0.106679,0.107908,0.119510,0.101548,0.111957,0.101444,0.075349,0.065388,0.089247,0.081306,0.093861,0.079748,0.066393,0.064618
0.154188,0.115841,0.110201,0.110076,0.108673,0.106679,0.107908,0.119510,0.101548,0.111957,0.101444,0.075349,0.065388,0.089247,0.081306,0.093861,0.079748,0.066393,0.064618,0.087396
0.115841,0.110201,0.110076,0.108673,0.106679,0.107908,0.119510,0.101548,0.111957,0.101444,0.075349,0.065388,0.089247,0.081306,0.093861,0.079748,0.066393,0.064618,0.087396,0.109590
0.110201,0.110076,0.108673,0.106679,0.107908,0.119510,0.101548,0.111957,0.101444,0.075349,0.065388,0.089247,0.081306,0.093861,0.079748,0.066393,0.064618,0.087396,0.109590,0.126039
0.110076,0.108673,0.106679,0.107908,0.119510,0.101548,0.111957,0.101444,0.075349,0.065388,0.089247,0.081306,0.093861,0.079748,0.066393,0.064618,0.087396,0.109590,0.126039,0.125468
0.108673,0.106679,0.107908,0.119510,0.101548,0.111957,0.101444,0.075349,0.065388,0.089247,0.081306,0.093861,0.079748,0.066393,0.064618,0.087396,0.109590,0.126039,0.125468,0.156303
0.106679,0.107908,0.119510,0.101548,0.111957,0.101444,0.075349,0.065388,0.089247,0.081306,0.093861,0.079748,0.066393,0.064618,0.087396,0.109590,0.126039,0.125468,0.156303,0.147432
0.107908,0.119510,0.101548,0.111957,0.101444,0.075349,0.065388,0.089247,0.081306,0.093861,0.079748,0.066393,0.064618,0.087396,0.109590,0.126039,0.125468,0.156303,0.147432,0.133877
0.119510,0.101548,0.111957,0.101444,0.075349,0.065388,0.089247,0.081306,0.093861,0.079748,0.066393,0.064618,0.087396,0.109590,0.126039,0.125468,0.156303,0.147432,0.133877,0.129890
0.101548,0.111957,0.101444,0.075349,0.065388,0.089247,0.081306,0.093861,0.079748,0.066393,0.064618,0.087396,0.109590,0.126039,0.125468,0.156303,0.147432,0.133877,0.129890,0.141054
0.111957,0.101444,0.075349,0.065388,0.089247,0.081306,0.093861,0.079748,0.066393,0.064618,0.087396,0.109590,0.126039,0.125468,0.156303,0.147432,0.133877,0.129890,0.141054,0.117336
0.101444,0.075349,0.065388,0.089247,0.081306,0.093861,0.079748,0.066393,0.064618,0.087396,0.109590,0.126039,0.125468,0.156303,0.147432,0.133877,0.129890,0.141054,0.117336,0.137373
0.075349,0.065388,0.089247,0.081306,0.093861,0.079748,0.066393,0.064618,0.087396,0.109590,0.126039,0.125468,0.156303,0.147432,0.133877,0.129890,0.141054,0.117336,0.137373,0.113038
0.065388,0.089247,0.081306,0.093861,0.079748,0.066393,0.064618,0.087396,0.109590,0.126039,0.125468,0.156303,0.147432,0.133877,0.129890,0.141054,0.117336,0.137373,0.113038,0.110821
0.089247,0.081306,0.093861,0.079748,0.066393,0.064618,0.087396,0.109590,0.126039,0.125468,0.156303,0.147432,0.133877,0.129890,0.141054,0.117336,0.137373,0.113038,0.110821,0.099688
0.081306,0.093861,0.079748,0.066393,0.064618,0.087396,0.109590,0.126039,0.125468,0.156303,0.147432,0.133877,0.129890,0.141054,0.117336,0.137373,0.113038,0.110821,0.099688,0.111058
0.093861,0.079748,0.066393,0.064618,0.087396,0.109590,0.126039,0.125468,0.156303,0.147432,0.133877,0.129890,0.141054,0.117336,0.137373,0.113038,0.110821,0.099688,0.111058,0.145936
0.079748,0.066393,0.064618,0.087396,0.109590,0.126039,0.125468,0.156303,0.147432,0.133877,0.129890,0.141054,0.117336,0.137373,0.113038,0.110821,0.099688,0.111058,0.145936,0.165860
0.066393,0.064618,0.087396,0.109590,0.126039,0.125468,0.156303,0.147432,0.133877,0.129890,0.141054,0.117336,0.137373,0.113038,0.110821,0.099688,0.111058,0.145936,0.165860,0.171937
0.064618,0.087396,0.109590,0.126039,0.125468,0.156303,0.147432,0.133877,0.129890,0.141054,0.117336,0.137373,0.113038,0.110821,0.099688,0.111058,0.145936,0.165860,0.171937,0.183754
0.087396,0.109590,0.126039,0.125468,0.156303,0.147432,0.133877,0.129890,0.141054,0.117336,0.137373,0.113038,0.110821,0.099688,0.111058,0.145936,0.165860,0.171937,0.183754,0.173424
0.109590,0.126039,0.125468,0.156303,0.147432,0.133877,0.129890,0.141054,0.117336,0.137373,0.113038,0.110821,0.099688,0.111058,0.145936,0.165860,0.171937,0.183754,0.173424,0.126895
0.126039,0.125468,0.156303,0.147432,0.133877,0.129890,0.141054,0.117336,0.137373,0.113038,0.110821,0.099688,0.111058,0.145936,0.165860,0.171937,0.183754,0.173424,0.126895,0.107447
0.125468,0.156303,0.147432,0.133877,0.129890,0.141054,0.117336,0.137373,0.113038,0.110821,0.099688,0.111058,0.145936,0.165860,0.171937,0.183754,0.173424,0.126895,0.107447,0.071867
0.156303,0.147432,0.133877,0.129890,0.141054,0.117336,0.137373,0.113038,0.110821,0.099688,0.111058,0.145936,0.165860,0.171937,0.183754,0.173424,0.126895,0.107447,0.071867,0.069306
0.147432,0.133877,0.129890,0.141054,0.117336,0.137373,0.113038,0.110821,0.099688,0.111058,0.145936,0.165860,0.171937,0.183754,0.173424,0.126895,0.107447,0.071867,0.069306,0.136761
0.133877,0.129890,0.141054,0.117336,0.137373,0.113038,0.110821,0.099688,0.111058,0.145936,0.165860,0.171937,0.183754,0.173424,0.126895,0.107447,0.071867,0.069306,0.136761,0.161497
0.129890,0.141054,0.117336,0.137373,0.113038,0.110821,0.099688,0.111058,0.145936,0.165860,0.171937,0.183754,0.173424,0.126895,0.107447,0.071867,0.069306,0.136761,0.161497,0.183986
0.141054,0.117336,0.137373,0.113038,0.110821,0.099688,0.111058,0.145936,0.165860,0.171937,0.183754,0.173424,0.126895,0.107447,0.071867,0.069306,0.136761,0.161497,0.183986,0.190462
0.117336,0.137373,0.113038,0.110821,0.099688,0.111058,0.145936,0.165860,0.171937,0.183754,0.173424,0.126895,0.107447,0.071867,0.069306,0.136761,0.161497,0.183986,0.190462,0.194280
0.137373,0.113038,0.110821,0.099688,0.111058,0.145936,0.165860,0.171937,0.183754,0.173424,0.126895,0.107447,0.071867,0.069306,0.136761,0.161497,0.183986,0.190462,0.194280,0.170563
0.113038,0.110821,0.099688,0.111058,0.145936,0.165860,0.171937,0.183754,0.173424,0.126895,0.107447,0.071867,0.069306,0.136761,0.161497,0.183986,0.190462,0.194280,0.170563,0.181725
0.110821,0.099688,0.111058,0.145936,0.165860,0.171937,0.183754,0.173424,0.126895,0.107447,0.071867,0.069306,0.136761,0.161497,0.183986,0.190462,0.194280,0.170563,0.181725,0.155088
0.099688,0.111058,0.145936,0.165860,0.171937,0.183754,0.173424,0.126895,0.107447,0.071867,0.069306,0.136761,0.161497,0.183986,0.190462,0.194280,0.170563,0.181725,0.155088,0.127297
0.111058,0.145936,0.165860,0.171937,0.183754,0.173424,0.126895,0.107447,0.071867,0.069306,0.136761,0.161497,0.183986,0.190462,0.194280,0.170563,0.181725,0.155088,0.127297,0.127476
0.145936,0.165860,0.171937,0.183754,0.173424,0.126895,0.107447,0.071867,0.069306,0.136761,0.161497,0.183986,0.190462,0.194280,0.170563,0.181725,0.155088,0.127297,0.127476,0.138673
0.165860,0.171937,0.183754,0.173424,0.126895,0.107447,0.071867,0.069306,0.136761,0.161497,0.183986,0.190462,0.194280,0.170563,0.181725,0.155088,0.127297,0.127476,0.138673,0.124585
0.171937,0.183754,0.173424,0.126895,0.107447,0.071867,0.069306,0.136761,0.161497,0.183986,0.190462,0.194280,0.170563,0.181725,0.155088,0.127297,0.127476,0.138673,0.124585,0.119408
0.183754,0.173424,0.126895,0.107447,0.071867,0.069306,0.136761,0.161497,0.183986,0.190462,0.194280,0.170563,0.181725,0.155088,0.127297,0.127476,0.138673,0.124585,0.119408,0.105145
0.173424,0.126895,0.107447,0.071867,0.069306,0.136761,0.161497,0.183986,0.190462,0.194280,0.170563,0.181725,0.155088,0.127297,0.127476,0.138673,0.124585,0.119408,0.105145,0.104638
0.126895,0.107447,0.071867,0.069306,0.136761,0.161497,0.183986,0.190462,0.194280,0.170563,0.181725,0.155088,0.127297,0.127476,0.138673,0.124585,0.119408,0.105145,0.104638,0.125439
0.107447,0.071867,0.069306,0.136761,0.161497,0.183986,0.190462,0.194280,0.170563,0.181725,0.155088,0.127297,0.127476,0.138673,0.124585,0.119408,0.105145,0.104638,0.125439,0.120748
0.071867,0.069306,0.136761,0.161497,0.183986,0.190462,0.194280,0.170563,0.181725,0.155088,0.127297,0.127476,0.138673,0.124585,0.119408,0.105145,0.104638,0.125439,0.120748,0.099459
0.069306,0.136761,0.161497,0.183986,0.190462,0.194280,0.170563,0.181725,0.155088,0.127297,0.127476,0.138673,0.124585,0.119408,0.105145,0.104638,0.125439,0.120748,0.099459,0.109840
0.136761,0.161497,0.183986,0.190462,0.194280,0.170563,0.181725,0.155088,0.127297,0.127476,0.138673,0.124585,0.119408,0.105145,0.104638,0.125439,0.120748,0.099459,0.109840,0.099490
0.161497,0.183986,0.190462,0.194280,0.170563,0.181725,0.155088,0.127297,0.127476,0.138673,0.124585,0.119408,0.105145,0.104638,0.125439,0.120748,0.099459,0.109840,0.099490,0.108298
0.183986,0.190462,0.194280,0.170563,0.181725,0.155088,0.127297,0.127476,0.138673,0.124585,0.119408,0.105145,0.104638,0.125439,0.120748,0.099459,0.109840,0.099490,0.108298,0.109547
0.190462,0.194280,0.170563,0.181725,0.155088,0.127297,0.127476,0.138673,0.124585,0.119408,0.105145,0.104638,0.125439,0.120748,0.099459,0.109840,0.099490,0.108298,0.109547,0.129508
0.194280,0.170563,0.181725,0.155088,0.127297,0.127476,0.138673,0.124585,0.119408,0.105145,0.104638,0.125439,0.120748,0.099459,0.109840,0.099490,0.108298,0.109547,0.129508,0.143330
0.170563,0.181725,0.155088,0.127297,0.127476,0.138673,0.124585,0.119408,0.105145,0.104638,0.125439,0.120748,0.099459,0.109840,0.099490,0.108298,0.109547,0.129508,0.143330,0.121094
0.181725,0.155088,0.127297,0.127476,0.138673,0.124585,0.119408,0.105145,0.104638,0.125439,0.120748,0.099459,0.109840,0.099490,0.108298,0.109547,0.129508,0.143330,0.121094,0.110545
0.155088,0.127297,0.127476,0.138673,0.124585,0.119408,0.105145,0.104638,0.125439,0.120748,0.099459,0.109840,0.099490,0.108298,0.109547,0.129508,0.143330,0.121094,0.110545,0.101602
0.127297,0.127476,0.138673,0.124585,0.119408,0.105145,0.104638,0.125439,0.120748,0.099459,0.109840,0.099490,0.108298,0.109547,0.129508,0.143330,0.121094,0.110545,0.101602,0.076283
0.127476,0.138673,0.124585,0.119408,0.105145,0.104638,0.125439,0.120748,0.099459,0.109840,0.099490,0.108298,0.109547,0.129508,0.143330,0.121094,0.110545,0.101602,0.076283,0.087549
0.138673,0.124585,0.119408,0.105145,0.104638,0.125439,0.120748,0.099459,0.109840,0.099490,0.108298,0.109547,0.129508,0.143330,0.121094,0.110545,0.101602,0.076283,0.087549,0.127487
0.124585,0.119408,0.105145,0.104638,0.125439,0.120748,0.099459,0.109840,0.099490,0.108298,0.109547,0.129508,0.143330,0.121094,0.110545,0.101602,0.076283,0.087549,0.127487,0.125506
0.119408,0.105145,0.104638,0.125439,0.120748,0.099459,0.109840,0.099490,0.108298,0.109547,0.129508,0.143330,0.121094,0.110545,0.101602,0.076283,0.087549,0.127487,0.125506,0.114150
0.105145,0.104638,0.125439,0.120748,0.099459,0.109840,0.099490,0.108298,0.109547,0.129508,0.143330,0.121094,0.110545,0.101602,0.076283,0.087549,0.127487,0.125506,0.114150,0.148713
0.104638,0.125439,0.120748,0.099459,0.109840,0.099490,0.108298,0.109547,0.129508,0.143330,0.121094,0.110545,0.101602,0.076283,0.087549,0.127487,0.125506,0.114150,0.148713,0.159177
0.125439,0.120748,0.099459,0.109840,0.099490,0.108298,0.109547,0.129508,0.143330,0.121094,0.110545,0.101602,0.076283,0.087549,0.127487,0.125506,0.114150,0.148713,0.159177,0.125173
0.120748,0.099459,0.109840,0.099490,0.108298,0.109547,0.129508,0.143330,0.121094,0.110545,0.101602,0.076283,0.087549,0.127487,0.125506,0.114150,0.148713,0.159177,0.125173,0.125468
0.099459,0.109840,0.099490,0.108298,0.109547,0.129508,0.143330,0.121094,0.110545,0.101602,0.076283,0.087549,0.127487,0.125506,0.114150,0.148713,0.159177,0.125173,0.125468,0.136341
0.109840,0.099490,0.108298,0.109547,0.129508,0.143330,0.121094,0.110545,0.101602,0.076283,0.087549,0.127487,0.125506,0.114150,0.148713,0.159177,0.125173,0.125468,0.136341,0.140141
0.099490,0.108298,0.109547,0.129508,0.143330,0.121094,0.110545,0.101602,0.076283,0.087549,0.127487,0.125506,0.114150,0.148713,0.159177,0.125173,0.125468,0.136341,0.140141,0.135181
0.108298,0.109547,0.129508,0.143330,0.121094,0.110545,0.101602,0.076283,0.087549,0.127487,0.125506,0.114150,0.148713,0.159177,0.125173,0.125468,0.136341,0.140141,0.135181,0.126969
0.109547,0.129508,0.143330,0.121094,0.110545,0.101602,0.076283,0.087549,0.127487,0.125506,0.114150,0.148713,0.159177,0.125173,0.125468,0.136341,0.140141,0.135181,0.126969,0.122722
0.129508,0.143330,0.121094,0.110545,0.101602,0.076283,0.087549,0.127487,0.125506,0.114150,0.148713,0.159177,0.125173,0.125468,0.136341,0.140141,0.135181,0.126969,0.122722,0.112064
0.143330,0.121094,0.110545,0.101602,0.076283,0.087549,0.127487,0.125506,0.114150,0.148713,0.159177,0.125173,0.125468,0.136341,0.140141,0.135181,0.126969,0.122722,0.112064,0.102249
0.121094,0.110545,0.101602,0.076283,0.087549,0.127487,0.125506,0.114150,0.148713,0.159177,0.125173,0.125468,0.136341,0.140141,0.135181,0.126969,0.122722,0.112064,0.102249,0.099823
0.110545,0.101602,0.076283,0.087549,0.127487,0.125506,0.114150,0.148713,0.159177,0.125173,0.125468,0.136341,0.140141,0.135181,0.126969,0.122722,0.112064,0.102249,0.099823,0.098101
0.101602,0.076283,0.087549,0.127487,0.125506,0.114150,0.148713,0.159177,0.125173,0.125468,0.136341,0.140141,0.135181,0.126969,0.122722,0.112064,0.102249,0.099823,0.098101,0.095011
0.076283,0.087549,0.127487,0.125506,0.114150,0.148713,0.159177,0.125173,0.125468,0.136341,0.140141,0.135181,0.126969,0.122722,0.112064,0.102249,0.099823,0.098101,0.095011,0.094738
0.087549,0.127487,0.125506,0.114150,0.148713,0.159177,0.125173,0.125468,0.136341,0.140141,0.135181,0.126969,0.122722,0.112064,0.102249,0.099823,0.098101,0.095011,0.094738,0.093959
0.127487,0.125506,0.114150,0.148713,0.159177,0.125173,0.125468,0.136341,0.140141,0.135181,0.126969,0.122722,0.112064,0.102249,0.099823,0.098101,0.095011,0.094738,0.093959,0.089599
0.125506,0.114150,0.148713,0.159177,0.125173,0.125468,0.136341,0.140141,0.135181,0.126969,0.122722,0.112064,0.102249,0.099823,0.098101,0.095011,0.094738,0.093959,0.089599,0.093975
0.114150,0.148713,0.159177,0.125173,0.125468,0.136341,0.140141,0.135181,0.126969,0.122722,0.112064,0.102249,0.099823,0.098101,0.095011,0.094738,0.093959,0.089599,0.093975,0.086984
0.148713,0.159177,0.125173,0.125468,0.136341,0.140141,0.135181,0.126969,0.122722,0.112064,0.102249,0.099823,0.098101,0.095011,0.094738,0.093959,0.089599,0.093975,0.086984,0.075833
0.159177,0.125173,0.125468,0.136341,0.140141,0.135181,0.126969,0.122722,0.112064,0.102249,0.099823,0.098101,0.095011,0.094738,0.093959,0.089599,0.093975,0.086984,0.075833,0.103484
0.125173,0.125468,0.136341,0.140141,0.135181,0.126969,0.122722,0.112064,0.102249,0.099823,0.098101,0.095011,0.094738,0.093959,0.089599,0.093975,0.086984,0.075833,0.103484,0.124340
0.125468,0.136341,0.140141,0.135181,0.126969,0.122722,0.112064,0.102249,0.099823,0.098101,0.095011,0.094738,0.093959,0.089599,0.093975,0.086984,0.075833,0.103484,0.124340,0.123560
0.136341,0.140141,0.135181,0.126969,0.122722,0.112064,0.102249,0.099823,0.098101,0.095011,0.094738,0.093959,0.089599,0.093975,0.086984,0.075833,0.103484,0.124340,0.123560,0.143133
0.140141,0.135181,0.126969,0.122722,0.112064,0.102249,0.099823,0.098101,0.095011,0.094738,0.093959,0.089599,0.093975,0.086984,0.075833,0.103484,0.124340,0.123560,0.143133,0.153293
0.135181,0.126969,0.122722,0.112064,0.102249,0.099823,0.098101,0.095011,0.094738,0.093959,0.089599,0.093975,0.086984,0.075833,0.103484,0.124340,0.123560,0.143133,0.153293,0.144976
0.126969,0.122722,0.112064,0.102249,0.099823,0.098101,0.095011,0.094738,0.093959,0.089599,0.093975,0.086984,0.075833,0.103484,0.124340,0.123560,0.143133,0.153293,0.144976,0.148345
0.122722,0.112064,0.102249,0.099823,0.098101,0.095011,0.094738,0.093959,0.089599,0.093975,0.086984,0.075833,0.103484,0.124340,0.123560,0.143133,0.153293,0.144976,0.148345,0.121405
0.112064,0.102249,0.099823,0.098101,0.095011,0.094738,0.093959,0.089599,0.093975,0.086984,0.075833,0.103484,0.124340,0.123560,0.143133,0.153293,0.144976,0.148345,0.121405,0.125107
0.102249,0.099823,0.098101,0.095011,0.094738,0.093959,0.089599,0.093975,0.086984,0.075833,0.103484,0.124340,0.123560,0.143133,0.153293,0.144976,0.148345,0.121405,0.125107,0.137014
0.099823,0.098101,0.095011,0.094738,0.093959,0.089599,0.093975,0.086984,0.075833,0.103484,0.124340,0.123560,0.143133,0.153293,0.144976,0.148345,0.121405,0.125107,0.137014,0.145498
0.098101,0.095011,0.094738,0.093959,0.089599,0.093975,0.086984,0.075833,0.103484,0.124340,0.123560,0.143133,0.153293,0.144976,0.148345,0.121405,0.125107,0.137014,0.145498,0.129220
0.095011,0.094738,0.093959,0.089599,0.093975,0.086984,0.075833,0.103484,0.124340,0.123560,0.143133,0.153293,0.144976,0.148345,0.121405,0.125107,0.137014,0.145498,0.129220,0.125492
0.094738,0.093959,0.089599,0.093975,0.086984,0.075833,0.103484,0.124340,0.123560,0.143133,0.153293,0.144976,0.148345,0.121405,0.125107,0.137014,0.145498,0.129220,0.125492,0.112601
0.093959,0.089599,0.093975,0.086984,0.075833,0.103484,0.124340,0.123560,0.143133,0.153293,0.144976,0.148345,0.121405,0.125107,0.137014,0.145498,0.129220,0.125492,0.112601,0.108785
0.089599,0.093975,0.086984,0.075833,0.103484,0.124340,0.123560,0.143133,0.153293,0.144976,0.148345,0.121405,0.125107,0.137014,0.145498,0.129220,0.125492,0.112601,0.108785,0.104249
0.093975,0.086984,0.075833,0.103484,0.124340,0.123560,0.143133,0.153293,0.144976,0.148345,0.121405,0.125107,0.137014,0.145498,0.129220,0.125492,0.112601,0.108785,0.104249,0.092305
0.086984,0.075833,0.103484,0.124340,0.123560,0.143133,0.153293,0.144976,0.148345,0.121405,0.125107,0.137014,0.145498,0.129220,0.125492,0.112601,0.108785,0.104249,0.092305,0.083621
0.075833,0.103484,0.124340,0.123560,0.143133,0.153293,0.144976,0.148345,0.121405,0.125107,0.137014,0.145498,0.129220,0.125492,0.112601,0.108785,0.104249,0.092305,0.083621,0.092357
0.103484,0.124340,0.123560,0.143133,0.153293,0.144976,0.148345,0.121405,0.125107,0.137014,0.145498,0.129220,0.125492,0.112601,0.108785,0.104249,0.092305,0.083621,0.092357,0.078117
0.124340,0.123560,0.143133,0.153293,0.144976,0.148345,0.121405,0.125107,0.137014,0.145498,0.129220,0.125492,0.112601,0.108785,0.104249,0.092305,0.083621,0.092357,0.078117,0.077226
0.123560,0.143133,0.153293,0.144976,0.148345,0.121405,0.125107,0.137014,0.145498,0.129220,0.125492,0.112601,0.108785,0.104249,0.092305,0.083621,0.092357,0.078117,0.077226,0.074830
0.143133,0.153293,0.144976,0.148345,0.121405,0.125107,0.137014,0.145498,0.129220,0.125492,0.112601,0.108785,0.104249,0.092305,0.083621,0.092357,0.078117,0.077226,0.074830,0.065213
0.153293,0.144976,0.148345,0.121405,0.125107,0.137014,0.145498,0.129220,0.125492,0.112601,0.108785,0.104249,0.092305,0.083621,0.092357,0.078117,0.077226,0.074830,0.065213,0.045191
0.144976,0.148345,0.121405,0.125107,0.137014,0.145498,0.129220,0.125492,0.112601,0.108785,0.104249,0.092305,0.083621,0.092357,0.078117,0.077226,0.074830,0.065213,0.045191,0.079112
0.148345,0.121405,0.125107,0.137014,0.145498,0.129220,0.125492,0.112601,0.108785,0.104249,0.092305,0.083621,0.092357,0.078117,0.077226,0.074830,0.065213,0.045191,0.079112,0.117972
0.121405,0.125107,0.137014,0.145498,0.129220,0.125492,0.112601,0.108785,0.104249,0.092305,0.083621,0.092357,0.078117,0.077226,0.074830,0.065213,0.045191,0.079112,0.117972,0.114479
0.125107,0.137014,0.145498,0.129220,0.125492,0.112601,0.108785,0.104249,0.092305,0.083621,0.092357,0.078117,0.077226,0.074830,0.065213,0.045191,0.079112,0.117972,0.114479,0.113695
0.137014,0.145498,0.129220,0.125492,0.112601,0.108785,0.104249,0.092305,0.083621,0.092357,0.078117,0.077226,0.074830,0.065213,0.045191,0.079112,0.117972,0.114479,0.113695,0.175581
0.145498,0.129220,0.125492,0.112601,0.108785,0.104249,0.092305,0.083621,0.092357,0.078117,0.077226,0.074830,0.065213,0.045191,0.079112,0.117972,0.114479,0.113695,0.175581,0.154212
0.129220,0.125492,0.112601,0.108785,0.104249,0.092305,0.083621,0.092357,0.078117,0.077226,0.074830,0.065213,0.045191,0.079112,0.117972,0.114479,0.113695,0.175581,0.154212,0.139961
0.125492,0.112601,0.108785,0.104249,0.092305,0.083621,0.092357,0.078117,0.077226,0.074830,0.065213,0.045191,0.079112,0.117972,0.114479,0.113695,0.175581,0.154212,0.139961,0.131630
0.112601,0.108785,0.104249,0.092305,0.083621,0.092357,0.078117,0.077226,0.074830,0.065213,0.045191,0.079112,0.117972,0.114479,0.113695,0.175581,0.154212,0.139961,0.131630,0.124086
0.108785,0.104249,0.092305,0.083621,0.092357,0.078117,0.077226,0.074830,0.065213,0.045191,0.079112,0.117972,0.114479,0.113695,0.175581,0.154212,0.139961,0.131630,0.124086,0.127189
0.104249,0.092305,0.083621,0.092357,0.078117,0.077226,0.074830,0.065213,0.045191,0.079112,0.117972,0.114479,0.113695,0.175581,0.154212,0.139961,0.131630,0.124086,0.127189,0.133503
0.092305,0.083621,0.092357,0.078117,0.077226,0.074830,0.065213,0.045191,0.079112,0.117972,0.114479,0.113695,0.175581,0.154212,0.139961,0.131630,0.124086,0.127189,0.133503,0.121690
0.083621,0.092357,0.078117,0.077226,0.074830,0.065213,0.045191,0.079112,0.117972,0.114479,0.113695,0.175581,0.154212,0.139961,0.131630,0.124086,0.127189,0.133503,0.121690,0.115793
0.092357,0.078117,0.077226,0.074830,0.065213,0.045191,0.079112,0.117972,0.114479,0.113695,0.175581,0.154212,0.139961,0.131630,0.124086,0.127189,0.133503,0.121690,0.115793,0.098497
0.078117,0.077226,0.074830,0.065213,0.045191,0.079112,0.117972,0.114479,0.113695,0.175581,0.154212,0.139961,0.131630,0.124086,0.127189,0.133503,0.121690,0.115793,0.098497,0.095049
0.077226,0.074830,0.065213,0.045191,0.079112,0.117972,0.114479,0.113695,0.175581,0.154212,0.139961,0.131630,0.124086,0.127189,0.133503,0.121690,0.115793,0.098497,0.095049,0.091044
0.074830,0.065213,0.045191,0.079112,0.117972,0.114479,0.113695,0.175581,0.154212,0.139961,0.131630,0.124086,0.127189,0.133503,0.121690,0.115793,0.098497,0.095049,0.091044,0.081189
0.065213,0.045191,0.079112,0.117972,0.114479,0.113695,0.175581,0.154212,0.139961,0.131630,0.124086,0.127189,0.133503,0.121690,0.115793,0.098497,0.095049,0.091044,0.081189,0.082579
0.045191,0.079112,0.117972,0.114479,0.113695,0.175581,0.154212,0.139961,0.131630,0.124086,0.127189,0.133503,0.121690,0.115793,0.098497,0.095049,0.091044,0.081189,0.082579,0.076553
0.079112,0.117972,0.114479,0.113695,0.175581,0.154212,0.139961,0.131630,0.124086,0.127189,0.133503,0.121690,0.115793,0.098497,0.095049,0.091044,0.081189,0.082579,0.076553,0.078839
0.117972,0.114479,0.113695,0.175581,0.154212,0.139961,0.131630,0.124086,0.127189,0.133503,0.121690,0.115793,0.098497,0.095049,0.091044,0.081189,0.082579,0.076553,0.078839,0.073963
0.114479,0.113695,0.175581,0.154212,0.139961,0.131630,0.124086,0.127189,0.133503,0.121690,0.115793,0.098497,0.095049,0.091044,0.081189,0.082579,0.076553,0.078839,0.073963,0.069139
0.113695,0.175581,0.154212,0.139961,0.131630,0.124086,0.127189,0.133503,0.121690,0.115793,0.098497,0.095049,0.091044,0.081189,0.082579,0.076553,0.078839,0.073963,0.069139,0.051032
0.175581,0.154212,0.139961,0.131630,0.124086,0.127189,0.133503,0.121690,0.115793,0.098497,0.095049,0.091044,0.081189,0.082579,0.076553,0.078839,0.073963,0.069139,0.051032,0.046815
0.154212,0.139961,0.131630,0.124086,0.127189,0.133503,0.121690,0.115793,0.098497,0.095049,0.091044,0.081189,0.082579,0.076553,0.078839,0.073963,0.069139,0.051032,0.046815,0.099920
0.139961,0.131630,0.124086,0.127189,0.133503,0.121690,0.115793,0.098497,0.095049,0.091044,0.081189,0.082579,0.076553,0.078839,0.073963,0.069139,0.051032,0.046815,0.099920,0.102019
0.131630,0.124086,0.127189,0.133503,0.121690,0.115793,0.098497,0.095049,0.091044,0.081189,0.082579,0.076553,0.078839,0.073963,0.069139,0.051032,0.046815,0.099920,0.102019,0.106287
0.124086,0.127189,0.133503,0.121690,0.115793,0.098497,0.095049,0.091044,0.081189,0.082579,0.076553,0.078839,0.073963,0.069139,0.051032,0.046815,0.099920,0.102019,0.106287,0.150187
0.127189,0.133503,0.121690,0.115793,0.098497,0.095049,0.091044,0.081189,0.082579,0.076553,0.078839,0.073963,0.069139,0.051032,0.046815,0.099920,0.102019,0.106287,0.150187,0.140684
0.133503,0.121690,0.115793,0.098497,0.095049,0.091044,0.081189,0.082579,0.076553,0.078839,0.073963,0.069139,0.051032,0.046815,0.099920,0.102019,0.106287,0.150187,0.140684,0.154043
0.121690,0.115793,0.098497,0.095049,0.091044,0.081189,0.082579,0.076553,0.078839,0.073963,0.069139,0.051032,0.046815,0.099920,0.102019,0.106287,0.150187,0.140684,0.154043,0.138397
0.115793,0.098497,0.095049,0.091044,0.081189,0.082579,0.076553,0.078839,0.073963,0.069139,0.051032,0.046815,0.099920,0.102019,0.106287,0.150187,0.140684,0.154043,0.138397,0.116379
0.098497,0.095049,0.091044,0.081189,0.082579,0.076553,0.078839,0.073963,0.069139,0.051032,0.046815,0.099920,0.102019,0.106287,0.150187,0.140684,0.154043,0.138397,0.116379,0.111181
0.095049,0.091044,0.081189,0.082579,0.076553,0.078839,0.073963,0.069139,0.051032,0.046815,0.099920,0.102019,0.106287,0.150187,0.140684,0.154043,0.138397,0.116379,0.111181,0.116266
0.091044,0.081189,0.082579,0.076553,0.078839,0.073963,0.069139,0.051032,0.046815,0.099920,0.102019,0.106287,0.150187,0.140684,0.154043,0.138397,0.116379,0.111181,0.116266,0.116395
0.081189,0.082579,0.076553,0.078839,0.073963,0.069139,0.051032,0.046815,0.099920,0.102019,0.106287,0.150187,0.140684,0.154043,0.138397,0.116379,0.111181,0.116266,0.116395,0.114630
0.082579,0.076553,0.078839,0.073963,0.069139,0.051032,0.046815,0.099920,0.102019,0.106287,0.150187,0.140684,0.154043,0.138397,0.116379,0.111181,0.116266,0.116395,0.114630,0.111975
0.076553,0.078839,0.073963,0.069139,0.051032,0.046815,0.099920,0.102019,0.106287,0.150187,0.140684,0.154043,0.138397,0.116379,0.111181,0.116266,0.116395,0.114630,0.111975,0.094732
0.078839,0.073963,0.069139,0.051032,0.046815,0.099920,0.102019,0.106287,0.150187,0.140684,0.154043,0.138397,0.116379,0.111181,0.116266,0.116395,0.114630,0.111975,0.094732,0.112244
0.073963,0.069139,0.051032,0.046815,0.099920,0.102019,0.106287,0.150187,0.140684,0.154043,0.138397,0.116379,0.111181,0.116266,0.116395,0.114630,0.111975,0.094732,0.112244,0.102279
0.069139,0.051032,0.046815,0.099920,0.102019,0.106287,0.150187,0.140684,0.154043,0.138397,0.116379,0.111181,0.116266,0.116395,0.114630,0.111975,0.094732,0.112244,0.102279,0.092850
0.051032,0.046815,0.099920,0.102019,0.106287,0.150187,0.140684,0.154043,0.138397,0.116379,0.111181,0.116266,0.116395,0.114630,0.111975,0.094732,0.112244,0.102279,0.092850,0.099158
0.046815,0.099920,0.102019,0.106287,0.150187,0.140684,0.154043,0.138397,0.116379,0.111181,0.116266,0.116395,0.114630,0.111975,0.094732,0.112244,0.102279,0.092850,0.099158,0.097691
0.099920,0.102019,0.106287,0.150187,0.140684,0.154043,0.138397,0.116379,0.111181,0.116266,0.116395,0.114630,0.111975,0.094732,0.112244,0.102279,0.092850,0.099158,0.097691,0.085700
0.102019,0.106287,0.150187,0.140684,0.154043,0.138397,0.116379,0.111181,0.116266,0.116395,0.114630,0.111975,0.094732,0.112244,0.102279,0.092850,0.099158,0.097691,0.085700,0.082379
0.106287,0.150187,0.140684,0.154043,0.138397,0.116379,0.111181,0.116266,0.116395,0.114630,0.111975,0.094732,0.112244,0.102279,0.092850,0.099158,0.097691,0.085700,0.082379,0.065954
0.150187,0.140684,0.154043,0.138397,0.116379,0.111181,0.116266,0.116395,0.114630,0.111975,0.094732,0.112244,0.102279,0.092850,0.099158,0.097691,0.085700,0.082379,0.065954,0.049459
0.140684,0.154043,0.138397,0.116379,0.111181,0.116266,0.116395,0.114630,0.111975,0.094732,0.112244,0.102279,0.092850,0.099158,0.097691,0.085700,0.082379,0.065954,0.049459,0.049789
0.154043,0.138397,0.116379,0.111181,0.116266,0.116395,0.114630,0.111975,0.094732,0.112244,0.102279,0.092850,0.099158,0.097691,0.085700,0.082379,0.065954,0.049459,0.049789,0.065458
0.138397,0.116379,0.111181,0.116266,0.116395,0.114630,0.111975,0.094732,0.112244,0.102279,0.092850,0.099158,0.097691,0.085700,0.082379,0.065954,0.049459,0.049789,0.065458,0.089621
0.116379,0.111181,0.116266,0.116395,0.114630,0.111975,0.094732,0.112244,0.102279,0.092850,0.099158,0.097691,0.085700,0.082379,0.065954,0.049459,0.049789,0.065458,0.089621,0.111074
0.111181,0.116266,0.116395,0.114630,0.111975,0.094732,0.112244,0.102279,0.092850,0.099158,0.097691,0.085700,0.082379,0.065954,0.049459,0.049789,0.065458,0.089621,0.111074,0.101032
0.116266,0.116395,0.114630,0.111975,0.094732,0.112244,0.102279,0.092850,0.099158,0.097691,0.085700,0.082379,0.065954,0.049459,0.049789,0.065458,0.089621,0.111074,0.101032,0.151617
0.116395,0.114630,0.111975,0.094732,0.112244,0.102279,0.092850,0.099158,0.097691,0.085700,0.082379,0.065954,0.049459,0.049789,0.065458,0.089621,0.111074,0.101032,0.151617,0.124744
0.114630,0.111975,0.094732,0.112244,0.102279,0.092850,0.099158,0.097691,0.085700,0.082379,0.065954,0.049459,0.049789,0.065458,0.089621,0.111074,0.101032,0.151617,0.124744,0.135588
0.111975,0.094732,0.112244,0.102279,0.092850,0.099158,0.097691,0.085700,0.082379,0.065954,0.049459,0.049789,0.065458,0.089621,0.111074,0.101032,0.151617,0.124744,0.135588,0.094662
0.094732,0.112244,0.102279,0.092850,0.099158,0.097691,0.085700,0.082379,0.065954,0.049459,0.049789,0.065458,0.089621,0.111074,0.101032,0.151617,0.124744,0.135588,0.094662,0.097657
0.112244,0.102279,0.092850,0.099158,0.097691,0.085700,0.082379,0.065954,0.049459,0.049789,0.065458,0.089621,0.111074,0.101032,0.151617,0.124744,0.135588,0.094662,0.097657,0.096201
0.102279,0.092850,0.099158,0.097691,0.085700,0.082379,0.065954,0.049459,0.049789,0.065458,0.089621,0.111074,0.101032,0.151617,0.124744,0.135588,0.094662,0.097657,0.096201,0.085386
0.092850,0.099158,0.097691,0.085700,0.082379,0.065954,0.049459,0.049789,0.065458,0.089621,0.111074,0.101032,0.151617,0.124744,0.135588,0.094662,0.097657,0.096201,0.085386,0.109327
