t, t+1, t+2, t+3, t+4, t+5, t+6, t+7, t+8, t+9, t+10, t+11, t+12, t+13, t+14, t+15, t+16, t+17, t+18, t+19
0.100747,0.095007,0.091047,0.090376,0.092336,0.094599,0.096534,0.098005,0.100974,0.104858,0.109961,0.114210,0.116580,0.117059,0.115662,0.113140,0.110922,0.109687,0.109940,0.111940
0.122219,0.118770,0.116660,0.117034,0.119439,0.122167,0.124671,0.126592,0.128854,0.131294,0.134138,0.136443,0.137829,0.138438,0.138049,0.136770,0.135413,0.134114,0.133072,0.132955
0.168834,0.161730,0.157390,0.157543,0.160697,0.163148,0.163715,0.162593,0.163040,0.164392,0.167258,0.168903,0.168284,0.166050,0.162595,0.158880,0.157362,0.158547,0.162580,0.169674
0.169332,0.165621,0.163814,0.165010,0.168133,0.170675,0.171697,0.171137,0.170688,0.170240,0.170236,0.169543,0.167971,0.166251,0.164460,0.162717,0.162465,0.163547,0.165741,0.169684
0.139872,0.137838,0.137194,0.138558,0.140767,0.141893,0.141446,0.139966,0.139452,0.139410,0.139983,0.139389,0.137007,0.133282,0.128913,0.125013,0.123153,0.123929,0.127361,0.133015
0.137309,0.136834,0.137073,0.138132,0.139138,0.139085,0.137693,0.135559,0.133985,0.132701,0.131745,0.130066,0.127390,0.124113,0.120859,0.118423,0.117792,0.119333,0.122889,0.127961
0.157804,0.158801,0.159693,0.160094,0.159707,0.158705,0.156969,0.154825,0.152290,0.149587,0.146708,0.143996,0.141841,0.140602,0.140435,0.141203,0.142880,0.145198,0.147712,0.150349
0.159651,0.161247,0.162142,0.161714,0.160108,0.158335,0.156533,0.154942,0.152933,0.150817,0.148460,0.146643,0.145825,0.146073,0.147353,0.149338,0.151422,0.153341,0.154747,0.155538
0.176858,0.177888,0.178147,0.177164,0.175481,0.174318,0.173635,0.173099,0.171236,0.168804,0.165820,0.164088,0.164585,0.167455,0.171997,0.176831,0.180751,0.182783,0.182373,0.180329
0.197578,0.197132,0.196195,0.194685,0.193333,0.193067,0.193607,0.194157,0.192982,0.191053,0.188565,0.187695,0.189600,0.194475,0.201130,0.207547,0.212351,0.214159,0.212378,0.208525
0.158918,0.157191,0.155033,0.152550,0.150271,0.148906,0.148622,0.149325,0.150729,0.152803,0.155461,0.158671,0.162182,0.165485,0.168217,0.170280,0.171137,0.171045,0.170280,0.168853
0.156956,0.156090,0.154667,0.152777,0.151077,0.150463,0.151173,0.152925,0.154958,0.157364,0.159987,0.163163,0.166813,0.170392,0.173402,0.175550,0.176051,0.175044,0.172803,0.169560
0.130030,0.129171,0.127930,0.126516,0.125336,0.124971,0.125818,0.127895,0.131098,0.135090,0.139577,0.143913,0.147461,0.149481,0.149916,0.149375,0.147575,0.145352,0.143318,0.141091
0.120673,0.120467,0.120046,0.119724,0.119822,0.120695,0.122681,0.125630,0.129240,0.133267,0.137410,0.141217,0.144215,0.145780,0.145800,0.144753,0.142375,0.139358,0.136258,0.132961
0.117966,0.118255,0.118598,0.119443,0.120959,0.123140,0.126189,0.129786,0.133497,0.137205,0.140647,0.143585,0.145754,0.146738,0.146358,0.144897,0.142179,0.138664,0.134793,0.130787
0.099694,0.099951,0.100955,0.103475,0.107214,0.111213,0.115369,0.119259,0.122820,0.125966,0.128559,0.130194,0.130723,0.130110,0.128259,0.125439,0.121991,0.118189,0.114321,0.110932
0.113321,0.115576,0.117978,0.120830,0.124064,0.127525,0.131338,0.135102,0.138018,0.140207,0.141388,0.141857,0.141811,0.141183,0.139840,0.137813,0.134916,0.131239,0.126921,0.122468
0.101929,0.103985,0.106859,0.111138,0.116289,0.121234,0.125771,0.129442,0.131868,0.133210,0.133333,0.132371,0.130644,0.128484,0.125845,0.122723,0.119448,0.115899,0.112032,0.108641
0.095441,0.098687,0.102654,0.107703,0.113166,0.118060,0.122224,0.125345,0.126978,0.127330,0.126210,0.123886,0.120820,0.117477,0.113977,0.110387,0.107055,0.103816,0.100492,0.097743
0.093656,0.098605,0.103732,0.108919,0.113607,0.117515,0.120734,0.123165,0.124010,0.123520,0.121347,0.118055,0.114238,0.110293,0.106503,0.103025,0.099909,0.097038,0.094162,0.091601
0.080330,0.085749,0.091376,0.096991,0.101862,0.105627,0.108390,0.110232,0.110558,0.109556,0.106849,0.102838,0.098082,0.093058,0.088253,0.084047,0.080663,0.078076,0.075996,0.074526
0.074903,0.081995,0.088578,0.093900,0.097479,0.099898,0.101597,0.102864,0.102626,0.101102,0.097727,0.093247,0.088318,0.083233,0.078591,0.074853,0.071792,0.069483,0.067623,0.065921
0.066241,0.074317,0.081385,0.086347,0.088908,0.090309,0.091237,0.092145,0.091685,0.090057,0.086555,0.082069,0.077245,0.072203,0.067635,0.064129,0.061167,0.058967,0.057266,0.055446
0.089466,0.100737,0.109128,0.112478,0.111593,0.110294,0.110007,0.111118,0.110307,0.108185,0.103676,0.099302,0.096252,0.094083,0.093104,0.093244,0.092281,0.090195,0.086677,0.080935
0.109275,0.119676,0.126972,0.129056,0.127105,0.125306,0.125115,0.126701,0.126389,0.124895,0.121178,0.118066,0.116787,0.116708,0.117807,0.119645,0.119612,0.117555,0.113228,0.106077
0.099241,0.106698,0.112063,0.114006,0.113347,0.112927,0.113790,0.115948,0.116712,0.116572,0.114735,0.113135,0.112597,0.112615,0.113127,0.113883,0.113045,0.110595,0.106452,0.100342
0.127612,0.132570,0.136034,0.137127,0.136548,0.136391,0.137301,0.139096,0.139574,0.139270,0.137675,0.136542,0.136668,0.137739,0.139450,0.141218,0.141508,0.140037,0.136641,0.131485
0.140579,0.143921,0.146297,0.147247,0.147326,0.147943,0.149477,0.151583,0.152451,0.152584,0.151642,0.151106,0.151674,0.153146,0.155093,0.156830,0.157142,0.155661,0.152242,0.147356
0.132055,0.134393,0.136296,0.137658,0.138755,0.140259,0.142392,0.144821,0.146323,0.147216,0.147232,0.147249,0.147700,0.148455,0.149207,0.149580,0.148859,0.146875,0.143599,0.139489
0.123314,0.125763,0.127943,0.129832,0.131565,0.133567,0.136036,0.138668,0.140407,0.141502,0.141676,0.141608,0.141662,0.141748,0.141662,0.141192,0.139814,0.137451,0.134104,0.130192
0.120828,0.124016,0.126815,0.129102,0.131025,0.133159,0.135770,0.138562,0.140297,0.141261,0.141116,0.140683,0.140402,0.140184,0.139854,0.139204,0.137620,0.135011,0.131359,0.127056
0.120044,0.123889,0.127237,0.129862,0.131921,0.134128,0.136812,0.139689,0.141372,0.142176,0.141712,0.140922,0.140316,0.139807,0.139254,0.138454,0.136716,0.133939,0.130080,0.125501
0.131299,0.136297,0.140308,0.142795,0.144165,0.145795,0.148216,0.151146,0.152661,0.153189,0.152231,0.151176,0.150710,0.150630,0.150733,0.150667,0.149313,0.146503,0.142157,0.136577
0.114763,0.118545,0.122171,0.125562,0.128609,0.131535,0.134562,0.137453,0.139164,0.139927,0.139387,0.138187,0.136769,0.135182,0.133430,0.131506,0.129068,0.126080,0.122492,0.118649
0.154296,0.158832,0.162404,0.164371,0.164986,0.165564,0.166636,0.168227,0.168923,0.168985,0.167928,0.166709,0.165800,0.165009,0.164383,0.163917,0.162752,0.160937,0.158407,0.155056
0.150236,0.153545,0.156587,0.159161,0.161193,0.163065,0.164984,0.166841,0.167718,0.167851,0.166928,0.165581,0.164237,0.162948,0.161737,0.160564,0.159057,0.157155,0.154748,0.152051
0.110853,0.112626,0.115345,0.119415,0.123912,0.127507,0.129986,0.131448,0.132423,0.132781,0.132390,0.130611,0.127429,0.123278,0.118634,0.114168,0.110766,0.108691,0.107887,0.108437
0.137205,0.142937,0.147675,0.150592,0.151781,0.152569,0.153477,0.154610,0.154446,0.153344,0.150792,0.147974,0.145582,0.143617,0.142247,0.141428,0.140321,0.138830,0.136709,0.133838
0.110967,0.114976,0.118895,0.122401,0.124981,0.126681,0.127759,0.128551,0.128833,0.128553,0.127318,0.125053,0.121901,0.118014,0.113959,0.110441,0.107642,0.105925,0.105218,0.105120
0.117316,0.123372,0.128388,0.131449,0.132594,0.133193,0.133817,0.134687,0.134367,0.133156,0.130503,0.127482,0.124733,0.122248,0.120319,0.119068,0.117717,0.116273,0.114502,0.112112
0.110344,0.116567,0.121594,0.124436,0.125191,0.125425,0.125821,0.126684,0.126578,0.125725,0.123510,0.120896,0.118413,0.115936,0.113825,0.112370,0.110746,0.109127,0.107366,0.104976
0.103049,0.109353,0.114361,0.117060,0.117648,0.117836,0.118344,0.119417,0.119447,0.118704,0.116557,0.114110,0.111941,0.109876,0.108201,0.107106,0.105630,0.103903,0.101783,0.098844
0.089600,0.095535,0.100329,0.103080,0.103907,0.104308,0.104961,0.106127,0.106401,0.105977,0.104243,0.102083,0.099964,0.097714,0.095665,0.094128,0.092302,0.090406,0.088352,0.085685
0.082016,0.088257,0.093222,0.095948,0.096669,0.097080,0.097901,0.099315,0.099660,0.099208,0.097327,0.095140,0.093217,0.091359,0.089803,0.088710,0.087091,0.085074,0.082548,0.079153
0.079909,0.086625,0.091802,0.094366,0.094748,0.095016,0.095983,0.097739,0.098221,0.097807,0.095817,0.093717,0.092209,0.091015,0.090240,0.089845,0.088536,0.086338,0.083127,0.078638
0.068712,0.074815,0.079659,0.082370,0.083251,0.083988,0.085300,0.087257,0.088083,0.088072,0.086595,0.084832,0.083362,0.081942,0.080711,0.079747,0.077995,0.075557,0.072366,0.068187
0.050787,0.056161,0.060750,0.063953,0.065792,0.067295,0.069004,0.071000,0.071991,0.072166,0.070978,0.069195,0.067256,0.065056,0.062837,0.060855,0.058490,0.055914,0.053079,0.049794
0.072256,0.079718,0.085280,0.087700,0.087692,0.087842,0.089078,0.091332,0.091930,0.091430,0.089096,0.086951,0.085932,0.085678,0.086086,0.086776,0.085997,0.083578,0.079347,0.073221
0.102445,0.107296,0.110808,0.112138,0.111804,0.111654,0.112316,0.113758,0.114134,0.113847,0.112387,0.111147,0.110771,0.110981,0.111661,0.112520,0.112297,0.110884,0.108153,0.104066
0.082968,0.085401,0.087730,0.089881,0.091722,0.093412,0.095102,0.096739,0.097739,0.098225,0.097933,0.097166,0.096165,0.094955,0.093604,0.092223,0.090630,0.088896,0.086985,0.085024
0.131769,0.127628,0.125485,0.126293,0.128619,0.129736,0.128783,0.126300,0.124997,0.124343,0.124736,0.124015,0.121471,0.117795,0.113655,0.110072,0.109094,0.111169,0.116209,0.123972
0.167341,0.164186,0.162642,0.163317,0.165049,0.165712,0.164322,0.161142,0.157914,0.154682,0.151955,0.148946,0.145754,0.143357,0.141973,0.141537,0.143396,0.147109,0.152092,0.158754
0.141080,0.139400,0.138472,0.138320,0.137938,0.136239,0.132932,0.129000,0.126487,0.124871,0.124241,0.122900,0.120215,0.116538,0.112767,0.110137,0.109968,0.112944,0.118974,0.127023
0.151944,0.151340,0.150821,0.150046,0.148595,0.146392,0.143144,0.139369,0.135682,0.132220,0.129130,0.126406,0.124283,0.123210,0.123413,0.124812,0.127650,0.131669,0.136360,0.141496
0.125921,0.125429,0.124321,0.121932,0.118124,0.113700,0.108937,0.104873,0.102443,0.101251,0.101131,0.101163,0.100807,0.099826,0.098883,0.098964,0.100240,0.103484,0.108738,0.114612
0.134163,0.132877,0.131190,0.128740,0.125738,0.122860,0.119916,0.117053,0.114082,0.111377,0.109101,0.107955,0.108361,0.110485,0.114005,0.118176,0.122489,0.126401,0.129455,0.131840
0.139981,0.138411,0.136236,0.133228,0.130059,0.127776,0.126176,0.124897,0.122904,0.120878,0.119022,0.118828,0.121037,0.125695,0.131914,0.138193,0.143410,0.146600,0.147289,0.146339
0.155182,0.152358,0.149310,0.146278,0.144079,0.143334,0.143565,0.143861,0.142853,0.141467,0.140082,0.140620,0.144061,0.150544,0.158664,0.166234,0.171988,0.174502,0.173251,0.169943
0.161233,0.158630,0.155516,0.152173,0.149702,0.149110,0.150201,0.151992,0.152859,0.153570,0.154332,0.156893,0.161958,0.169270,0.177395,0.184414,0.188843,0.189638,0.186612,0.181294
0.141715,0.139427,0.136330,0.132662,0.129542,0.128270,0.129194,0.131821,0.135151,0.139243,0.143945,0.149620,0.155995,0.162152,0.167266,0.170869,0.171810,0.170327,0.166943,0.161995
0.123948,0.122536,0.120251,0.117337,0.114784,0.113889,0.115325,0.118890,0.123949,0.130125,0.137009,0.144093,0.150548,0.155130,0.157474,0.158091,0.156147,0.152681,0.148634,0.143643
0.112487,0.111661,0.110323,0.108948,0.108272,0.109065,0.111971,0.116725,0.122839,0.129833,0.137247,0.144281,0.150021,0.153289,0.153863,0.152532,0.148786,0.143817,0.138664,0.133014
0.109466,0.108983,0.108607,0.109174,0.111090,0.114294,0.119146,0.125083,0.131601,0.138370,0.145025,0.150921,0.155400,0.157634,0.157310,0.154972,0.150407,0.144486,0.138094,0.131492
0.102135,0.101883,0.102570,0.105445,0.110458,0.116438,0.123293,0.130094,0.136354,0.142014,0.146905,0.150709,0.153211,0.154152,0.153068,0.150025,0.145195,0.138868,0.131602,0.124468
0.108596,0.109654,0.111731,0.115974,0.122163,0.129006,0.136328,0.143140,0.148699,0.153134,0.156283,0.158238,0.159135,0.158989,0.157349,0.154058,0.149278,0.142994,0.135528,0.128179
0.110558,0.112546,0.115825,0.121520,0.129111,0.136925,0.144593,0.151077,0.155583,0.158431,0.159530,0.159295,0.158223,0.156714,0.154354,0.150744,0.146202,0.140344,0.133196,0.126339
0.092620,0.094471,0.098675,0.106751,0.117436,0.127605,0.136311,0.142387,0.145584,0.146400,0.145014,0.141827,0.137699,0.133772,0.129710,0.124853,0.120268,0.115045,0.108788,0.103678
0.088786,0.093073,0.098972,0.107240,0.116603,0.124847,0.131428,0.135748,0.137459,0.136947,0.134135,0.129430,0.123670,0.117901,0.112280,0.106678,0.101989,0.097634,0.093163,0.089890
0.074653,0.079866,0.086611,0.095397,0.104772,0.112595,0.118340,0.121634,0.122221,0.120497,0.116351,0.110217,0.103031,0.095981,0.089447,0.083427,0.078905,0.075288,0.071982,0.070073
0.083897,0.093460,0.102251,0.109228,0.113868,0.117073,0.119443,0.121260,0.120892,0.118706,0.113972,0.107917,0.101508,0.095131,0.089485,0.084994,0.081215,0.078111,0.075253,0.072362
0.062796,0.071539,0.079831,0.086800,0.091715,0.095028,0.097226,0.098694,0.098309,0.096291,0.091975,0.086124,0.079503,0.072557,0.066122,0.060868,0.056724,0.053800,0.051720,0.050090
0.102103,0.116579,0.127277,0.131344,0.129830,0.127720,0.126914,0.128013,0.126885,0.124218,0.118615,0.113151,0.109227,0.106211,0.104610,0.104505,0.103097,0.100493,0.096358,0.089457
0.113770,0.127080,0.136505,0.139352,0.136971,0.134538,0.133992,0.135762,0.135586,0.134133,0.130030,0.126348,0.124353,0.123172,0.123066,0.123970,0.122869,0.119916,0.114951,0.106860
0.112331,0.122998,0.130576,0.133045,0.131592,0.130369,0.130925,0.133394,0.134077,0.133591,0.130816,0.128406,0.127452,0.127202,0.127681,0.128653,0.127546,0.124406,0.119140,0.111130
0.147650,0.150103,0.152108,0.153239,0.153380,0.153125,0.152759,0.152618,0.152389,0.152068,0.151347,0.150310,0.149044,0.147492,0.145964,0.144869,0.144020,0.143702,0.143870,0.144097
0.173990,0.174265,0.174890,0.175909,0.176906,0.177450,0.177291,0.176532,0.175366,0.173945,0.172307,0.170520,0.168842,0.167641,0.166993,0.166813,0.167334,0.168350,0.169553,0.171145
0.149761,0.149755,0.150322,0.151587,0.152843,0.153288,0.152747,0.151663,0.150979,0.150464,0.150082,0.148974,0.146904,0.144143,0.141198,0.138784,0.137670,0.138231,0.140396,0.143783
0.154544,0.156155,0.157578,0.158458,0.158546,0.158109,0.157187,0.156088,0.154712,0.153173,0.151335,0.149392,0.147589,0.146116,0.145200,0.144958,0.145340,0.146327,0.147661,0.149144
0.149841,0.152072,0.153666,0.154052,0.153252,0.152140,0.150980,0.150096,0.149010,0.147848,0.146360,0.144948,0.143861,0.143071,0.142762,0.143045,0.143513,0.144235,0.145034,0.145565
0.166478,0.168856,0.170305,0.170208,0.169012,0.168080,0.167617,0.167495,0.166291,0.164566,0.162142,0.160495,0.160402,0.161868,0.164512,0.167502,0.169742,0.170664,0.169883,0.167765
0.191283,0.191694,0.191663,0.191017,0.190219,0.190053,0.190372,0.190684,0.189656,0.188006,0.185803,0.184670,0.185505,0.188473,0.192803,0.197119,0.200399,0.201682,0.200493,0.197846
0.156712,0.155801,0.154747,0.153638,0.152611,0.151935,0.151697,0.151974,0.152812,0.154121,0.155801,0.157582,0.159227,0.160466,0.161230,0.161703,0.161746,0.161668,0.161644,0.161546
0.159369,0.159374,0.158992,0.158208,0.157387,0.157168,0.157668,0.158696,0.159578,0.160501,0.161347,0.162586,0.164366,0.166449,0.168481,0.170125,0.170784,0.170398,0.169003,0.166875
0.135674,0.135496,0.135104,0.134594,0.134117,0.134014,0.134519,0.135702,0.137500,0.139729,0.142171,0.144434,0.146178,0.147004,0.146930,0.146380,0.145204,0.143929,0.142876,0.141796
0.100544,0.100434,0.100391,0.100616,0.100942,0.101265,0.101838,0.102964,0.105159,0.107967,0.111111,0.113507,0.114487,0.113657,0.111392,0.108728,0.106007,0.104159,0.103652,0.103860
0.101655,0.102735,0.103684,0.104577,0.105429,0.106448,0.107850,0.109620,0.111455,0.113279,0.114829,0.115966,0.116568,0.116397,0.115504,0.114232,0.112444,0.110522,0.108678,0.106837
0.116232,0.117991,0.119455,0.120581,0.121508,0.122691,0.124345,0.126310,0.127820,0.129009,0.129615,0.130035,0.130449,0.130689,0.130635,0.130254,0.129115,0.127301,0.124879,0.122038
0.106422,0.107905,0.109503,0.111381,0.113399,0.115434,0.117559,0.119628,0.121253,0.122488,0.123126,0.123241,0.122933,0.122186,0.120997,0.119505,0.117661,0.115599,0.113382,0.111235
0.099857,0.102019,0.104283,0.106741,0.109183,0.111490,0.113740,0.115801,0.117189,0.118005,0.118017,0.117426,0.116439,0.115122,0.113522,0.111759,0.109783,0.107659,0.105381,0.103191
0.105795,0.109408,0.112602,0.115105,0.116940,0.118696,0.120651,0.122681,0.123694,0.123947,0.123087,0.121862,0.120725,0.119666,0.118677,0.117686,0.116183,0.114112,0.111383,0.108195
0.083194,0.085994,0.089062,0.092464,0.095725,0.098458,0.100717,0.102511,0.103591,0.103991,0.103453,0.101970,0.099731,0.096938,0.093864,0.090881,0.088211,0.086008,0.084218,0.082936
0.082082,0.086570,0.090724,0.094170,0.096687,0.098704,0.100502,0.102122,0.102644,0.102277,0.100626,0.098308,0.095793,0.093208,0.090784,0.088686,0.086617,0.084592,0.082449,0.080207
0.079031,0.084502,0.089254,0.092634,0.094562,0.095975,0.097339,0.098785,0.099093,0.098502,0.096506,0.093938,0.091333,0.088719,0.086375,0.084494,0.082524,0.080522,0.078325,0.075764
0.070049,0.075785,0.080736,0.084184,0.086043,0.087325,0.088545,0.089892,0.090148,0.089524,0.087483,0.084827,0.082072,0.079226,0.076628,0.074554,0.072449,0.070429,0.068338,0.065911
0.055869,0.061610,0.066650,0.070291,0.072342,0.073686,0.074825,0.076022,0.076232,0.075604,0.073596,0.070835,0.067768,0.064426,0.061251,0.058667,0.056261,0.054233,0.052445,0.050531
0.080837,0.088950,0.094992,0.097475,0.097056,0.096525,0.096869,0.098210,0.097894,0.096488,0.093220,0.090166,0.088322,0.087382,0.087396,0.088068,0.087634,0.085927,0.082680,0.077589
0.116048,0.119252,0.121715,0.122796,0.122573,0.122066,0.121585,0.121337,0.120452,0.119182,0.117219,0.115313,0.113911,0.113017,0.112740,0.113027,0.113284,0.113442,0.113269,0.112585
0.096448,0.097907,0.099452,0.100968,0.102069,0.102631,0.102682,0.102490,0.102181,0.101725,0.100957,0.099691,0.097976,0.095961,0.093961,0.092372,0.091404,0.091256,0.091829,0.092904
0.136541,0.135420,0.135067,0.135691,0.136620,0.136863,0.135906,0.133958,0.131822,0.129602,0.127514,0.125294,0.123120,0.121572,0.120792,0.120711,0.121962,0.124264,0.127202,0.130995
0.158797,0.158700,0.158750,0.158817,0.158680,0.158240,0.157130,0.155359,0.152789,0.149850,0.146708,0.144060,0.142515,0.142570,0.144026,0.146186,0.148930,0.151578,0.153560,0.155373
0.142170,0.142135,0.141851,0.141039,0.139639,0.138036,0.136240,0.134573,0.133138,0.131987,0.131071,0.130415,0.130079,0.130099,0.130572,0.131551,0.132924,0.134729,0.136796,0.138875
0.118366,0.118364,0.117822,0.116336,0.113959,0.111432,0.109026,0.107299,0.106533,0.106519,0.107062,0.107724,0.108190,0.108178,0.107998,0.108226,0.108747,0.110097,0.112372,0.114784
0.124868,0.125054,0.124599,0.123164,0.121136,0.119498,0.118354,0.117702,0.116848,0.116087,0.115346,0.115359,0.116452,0.118499,0.121187,0.124010,0.126234,0.127609,0.127954,0.127410
0.152114,0.149018,0.146546,0.145208,0.144972,0.145188,0.145217,0.144638,0.143506,0.142254,0.141274,0.141082,0.142108,0.144744,0.148322,0.151767,0.155019,0.157271,0.158122,0.158645
0.169941,0.167627,0.165520,0.163955,0.163204,0.163202,0.163479,0.163489,0.162691,0.161651,0.160668,0.160732,0.162434,0.166014,0.170634,0.174976,0.178520,0.180363,0.180112,0.178935
0.153349,0.151470,0.149419,0.147389,0.145769,0.144939,0.144862,0.145334,0.146078,0.147217,0.148779,0.150953,0.153715,0.156803,0.159762,0.162197,0.163662,0.164098,0.163586,0.162451
0.144376,0.143239,0.141708,0.139898,0.138298,0.137568,0.137872,0.139039,0.140620,0.142646,0.145005,0.147810,0.150920,0.153884,0.156324,0.158079,0.158591,0.158041,0.156668,0.154600
0.143251,0.142630,0.141594,0.140300,0.139281,0.139225,0.140355,0.142399,0.144697,0.147293,0.150012,0.153050,0.156288,0.159224,0.161444,0.162791,0.162631,0.161173,0.158717,0.155475
0.099823,0.098917,0.098014,0.097460,0.097303,0.097551,0.098528,0.100423,0.103700,0.107825,0.112506,0.116529,0.119043,0.119421,0.117903,0.115546,0.112576,0.110073,0.108701,0.107860
0.089656,0.089711,0.089856,0.090473,0.091586,0.093104,0.095252,0.097952,0.101189,0.104688,0.108180,0.111032,0.112787,0.113027,0.111801,0.109729,0.106872,0.103910,0.101317,0.098970
0.089504,0.090347,0.091379,0.092989,0.095129,0.097583,0.100476,0.103568,0.106537,0.109306,0.111635,0.113312,0.114194,0.114068,0.112879,0.110930,0.108211,0.105085,0.101846,0.098711
0.093251,0.094941,0.096823,0.099208,0.101997,0.104975,0.108226,0.111429,0.114002,0.116022,0.117249,0.117825,0.117866,0.117312,0.116065,0.114213,0.111661,0.108536,0.104979,0.101402
0.090355,0.092621,0.095226,0.098476,0.102098,0.105662,0.109172,0.112300,0.114463,0.115804,0.116104,0.115612,0.114594,0.113176,0.111313,0.109037,0.106365,0.103288,0.099819,0.096475
0.098625,0.102530,0.106229,0.109604,0.112572,0.115427,0.118396,0.121237,0.122825,0.123429,0.122692,0.121351,0.119894,0.118382,0.116795,0.115067,0.112797,0.109903,0.106307,0.102377
0.100317,0.105004,0.109300,0.112905,0.115754,0.118380,0.121093,0.123717,0.124971,0.125157,0.123860,0.121968,0.120057,0.118191,0.116412,0.114666,0.112444,0.109651,0.106158,0.102238
0.082281,0.086395,0.090727,0.095249,0.099447,0.102995,0.105973,0.108295,0.109347,0.109301,0.107841,0.105329,0.102205,0.098783,0.095320,0.092041,0.089047,0.086320,0.083695,0.081433
0.088742,0.095306,0.101015,0.105116,0.107574,0.109507,0.111447,0.113434,0.113862,0.113084,0.110532,0.107377,0.104353,0.101518,0.099106,0.097172,0.094979,0.092463,0.089396,0.085736
0.070580,0.076467,0.081959,0.086518,0.089764,0.092156,0.094087,0.095739,0.096171,0.095540,0.093337,0.090126,0.086399,0.082334,0.078400,0.075031,0.072024,0.069522,0.067347,0.065299
0.061746,0.068607,0.074720,0.079279,0.082027,0.083893,0.085414,0.086839,0.086901,0.085829,0.083027,0.079344,0.075394,0.071305,0.067566,0.064562,0.061830,0.059482,0.057291,0.054942
0.089163,0.099102,0.106499,0.109502,0.108876,0.108015,0.108164,0.109562,0.109124,0.107449,0.103586,0.099894,0.097485,0.095956,0.095481,0.095868,0.095063,0.092979,0.089338,0.083590
0.123256,0.128553,0.132458,0.133886,0.133156,0.132145,0.131503,0.131523,0.130690,0.129318,0.126879,0.124554,0.122935,0.121849,0.121474,0.121800,0.121765,0.121374,0.120411,0.118449
0.096088,0.098504,0.100854,0.102886,0.104182,0.104787,0.104877,0.104840,0.104747,0.104489,0.103786,0.102367,0.100221,0.097431,0.094481,0.092022,0.090265,0.089596,0.089976,0.090948
0.136673,0.136790,0.137358,0.138354,0.139176,0.139230,0.138211,0.136430,0.134449,0.132340,0.130177,0.127775,0.125319,0.123280,0.121922,0.121353,0.122045,0.123864,0.126443,0.129764
0.170257,0.169290,0.168920,0.169203,0.169589,0.169349,0.167924,0.165452,0.162432,0.159168,0.155932,0.152938,0.150637,0.149706,0.150119,0.151410,0.153949,0.157135,0.160369,0.164065
0.131420,0.130405,0.129635,0.128946,0.127665,0.125390,0.122136,0.118893,0.117294,0.116763,0.117216,0.117058,0.115549,0.112702,0.109386,0.106956,0.106345,0.108473,0.113446,0.120007
0.115065,0.114673,0.114054,0.112757,0.110401,0.107250,0.103447,0.099948,0.097858,0.096771,0.096556,0.096152,0.095042,0.093151,0.091192,0.090208,0.090659,0.093280,0.098091,0.103873
0.111928,0.111964,0.111388,0.109623,0.106711,0.103513,0.100190,0.097333,0.095133,0.093558,0.092503,0.091895,0.091683,0.091774,0.092407,0.093828,0.095811,0.098569,0.101951,0.105287
0.122560,0.121976,0.120858,0.118866,0.116383,0.114289,0.112480,0.110884,0.108822,0.106771,0.104822,0.104012,0.104894,0.107547,0.111483,0.115769,0.119626,0.122426,0.123761,0.124047
0.122136,0.121321,0.119731,0.117104,0.114177,0.112196,0.111183,0.110830,0.110014,0.109257,0.108596,0.109294,0.111885,0.116189,0.121453,0.126549,0.130325,0.132166,0.131824,0.129897
0.128219,0.126940,0.124961,0.122267,0.119789,0.118721,0.119046,0.120120,0.120486,0.120765,0.121021,0.122748,0.126546,0.132146,0.138494,0.144153,0.147778,0.148617,0.146500,0.142439
0.130150,0.128749,0.126644,0.123986,0.121795,0.121259,0.122507,0.124841,0.126829,0.128909,0.131042,0.134380,0.139236,0.145088,0.150912,0.155584,0.157791,0.157125,0.153706,0.148416
0.113036,0.111709,0.109720,0.107322,0.105393,0.104978,0.106485,0.109534,0.113296,0.117701,0.122500,0.127758,0.133099,0.137646,0.140835,0.142592,0.142035,0.139630,0.135967,0.131184
0.091506,0.090638,0.089341,0.088011,0.087267,0.087772,0.090030,0.093817,0.098713,0.104359,0.110388,0.116191,0.121047,0.123996,0.124811,0.124072,0.121316,0.117485,0.113400,0.108854
0.083747,0.083479,0.083170,0.083440,0.084684,0.087037,0.090855,0.095705,0.101084,0.106729,0.112297,0.117301,0.121197,0.123245,0.123182,0.121466,0.117820,0.113001,0.107749,0.102224
0.090562,0.090904,0.091533,0.093219,0.096161,0.100055,0.105079,0.110594,0.115941,0.121023,0.125559,0.129349,0.132137,0.133455,0.132956,0.130834,0.126911,0.121634,0.115570,0.109301
0.084641,0.085119,0.086645,0.090333,0.095921,0.102078,0.108570,0.114511,0.119388,0.123307,0.126170,0.127964,0.128785,0.128692,0.127273,0.124378,0.120253,0.114867,0.108492,0.102337
0.083600,0.085249,0.088084,0.093121,0.099852,0.106737,0.113442,0.119099,0.123115,0.125730,0.126858,0.126741,0.125762,0.124268,0.121943,0.118528,0.114374,0.109215,0.103091,0.097342
0.073863,0.076172,0.080093,0.086683,0.095010,0.102930,0.109873,0.114998,0.117919,0.118989,0.118210,0.115905,0.112710,0.109395,0.105777,0.101520,0.097327,0.092661,0.087286,0.082735
0.072246,0.076632,0.082046,0.088954,0.096435,0.103071,0.108579,0.112488,0.114195,0.114039,0.111836,0.108089,0.103529,0.098892,0.094314,0.089725,0.085623,0.081607,0.077347,0.073831
0.071718,0.078139,0.084797,0.091505,0.097539,0.102511,0.106509,0.109391,0.110127,0.109070,0.105814,0.101175,0.095974,0.090786,0.085969,0.081641,0.077876,0.074422,0.070907,0.067770
0.068636,0.076690,0.084239,0.090538,0.095097,0.098493,0.101179,0.103291,0.103412,0.101878,0.098079,0.093062,0.087678,0.082288,0.077425,0.073397,0.069873,0.066782,0.063770,0.060765
0.058876,0.067683,0.075614,0.081638,0.085366,0.087852,0.089744,0.091366,0.091191,0.089501,0.085575,0.080478,0.075012,0.069411,0.064343,0.060300,0.056789,0.053901,0.051316,0.048629
0.061675,0.072710,0.081632,0.086662,0.088046,0.088517,0.089271,0.090749,0.090349,0.088495,0.084174,0.079238,0.074687,0.070342,0.066798,0.064412,0.061714,0.058856,0.055554,0.051023
0.082397,0.095624,0.105241,0.108681,0.107123,0.105372,0.105228,0.107062,0.106737,0.104956,0.100412,0.096161,0.093545,0.091854,0.091352,0.091912,0.090699,0.087750,0.082821,0.074965
0.114314,0.122337,0.128069,0.129853,0.128374,0.126694,0.125947,0.126520,0.126001,0.124779,0.122014,0.119443,0.117821,0.116683,0.116275,0.116666,0.116132,0.114819,0.112571,0.108630
0.095023,0.099575,0.103349,0.105677,0.106513,0.106868,0.107248,0.107958,0.108123,0.107824,0.106569,0.104822,0.102862,0.100583,0.098358,0.096614,0.094893,0.093482,0.092325,0.090957
0.128845,0.132357,0.135119,0.136473,0.136495,0.136222,0.135952,0.135837,0.134876,0.133384,0.131056,0.128803,0.127178,0.126232,0.126037,0.126431,0.126762,0.126861,0.126442,0.125426
0.184699,0.167026,0.156464,0.156587,0.162890,0.165639,0.161577,0.152148,0.146974,0.144262,0.145876,0.144533,0.137716,0.127820,0.116680,0.107058,0.106024,0.114580,0.132455,0.159222
0.143577,0.138326,0.134890,0.133399,0.131688,0.127097,0.118866,0.109159,0.102937,0.098945,0.097595,0.094911,0.089329,0.081652,0.073854,0.068594,0.069008,0.076522,0.090965,0.109979
0.138400,0.130779,0.125383,0.122556,0.120086,0.114846,0.105598,0.094328,0.086260,0.080407,0.077549,0.074035,0.068593,0.062382,0.057014,0.054389,0.057713,0.067767,0.084028,0.104720
0.120865,0.115286,0.109933,0.103957,0.096156,0.086089,0.073455,0.060757,0.052202,0.046707,0.044602,0.042734,0.039654,0.035649,0.032439,0.032222,0.036911,0.047839,0.064759,0.084723
0.126912,0.118448,0.111238,0.105374,0.100024,0.093697,0.084846,0.074176,0.064224,0.055402,0.048870,0.044361,0.042275,0.043942,0.049146,0.056640,0.067451,0.080205,0.093585,0.107976
0.134337,0.126184,0.118714,0.112172,0.106890,0.102416,0.097016,0.089929,0.081012,0.071843,0.063774,0.059412,0.060558,0.068581,0.081619,0.095835,0.110423,0.122303,0.129715,0.135238
0.122423,0.114621,0.106556,0.098470,0.091792,0.087466,0.084205,0.080575,0.074810,0.068732,0.063484,0.062684,0.068276,0.080910,0.097948,0.114853,0.129519,0.138770,0.141213,0.139950
0.137617,0.128133,0.119694,0.113544,0.110776,0.110663,0.111206,0.110117,0.105595,0.099823,0.094313,0.093059,0.098444,0.111675,0.129515,0.146509,0.160953,0.168860,0.168606,0.164794
0.113303,0.105770,0.097245,0.088191,0.080698,0.076626,0.075656,0.076451,0.077153,0.078708,0.081645,0.088126,0.098737,0.112740,0.127794,0.140973,0.149959,0.153355,0.151088,0.145127
0.115688,0.110279,0.103674,0.096278,0.089905,0.086485,0.086453,0.089141,0.093476,0.099447,0.106997,0.116409,0.127055,0.137480,0.146384,0.153013,0.155720,0.154874,0.151310,0.145399
0.117351,0.114188,0.109197,0.102400,0.095464,0.090946,0.090243,0.093677,0.101074,0.111323,0.123690,0.136379,0.147359,0.154254,0.156995,0.157309,0.154107,0.149809,0.146238,0.141636
0.112839,0.111396,0.107994,0.102529,0.096389,0.092158,0.091707,0.095890,0.105111,0.117643,0.132373,0.146283,0.156602,0.160575,0.158902,0.154768,0.147587,0.140904,0.137058,0.133172
0.097348,0.096639,0.094646,0.091655,0.088682,0.087395,0.089385,0.095162,0.105042,0.117462,0.131383,0.143975,0.152764,0.155374,0.152426,0.146869,0.138440,0.130350,0.124785,0.119500
0.105742,0.104046,0.102693,0.103011,0.105386,0.109373,0.115649,0.123800,0.134106,0.145523,0.157464,0.167721,0.174567,0.176541,0.173689,0.167828,0.159281,0.150120,0.142044,0.134601
0.096401,0.094755,0.095030,0.099447,0.107812,0.117683,0.128631,0.139026,0.148401,0.156712,0.163931,0.169538,0.173259,0.174911,0.173638,0.169256,0.162298,0.152922,0.141902,0.131248
0.070927,0.069135,0.071030,0.079644,0.093838,0.108848,0.123115,0.134217,0.141710,0.146299,0.148513,0.148841,0.148173,0.147701,0.146102,0.141779,0.135988,0.127306,0.115589,0.104762
0.067443,0.067729,0.071343,0.080667,0.094210,0.107573,0.119435,0.128090,0.133524,0.136232,0.136566,0.134640,0.131239,0.127658,0.123272,0.117233,0.111066,0.103728,0.094956,0.087716
0.061981,0.063644,0.068618,0.078957,0.092889,0.106002,0.116891,0.124051,0.127468,0.127794,0.125404,0.120730,0.114904,0.109579,0.104328,0.098204,0.092813,0.086832,0.079645,0.074159
0.059400,0.063480,0.069989,0.080097,0.092036,0.102483,0.110499,0.115296,0.116867,0.115691,0.111860,0.105703,0.098247,0.090992,0.084102,0.077295,0.072003,0.067341,0.062661,0.059774
0.059847,0.066693,0.074587,0.083649,0.092537,0.099729,0.104955,0.108006,0.108273,0.106166,0.101407,0.094661,0.086945,0.079348,0.072392,0.066208,0.061510,0.057802,0.054477,0.052319
0.098517,0.112536,0.123440,0.128777,0.129219,0.128839,0.129301,0.131104,0.130555,0.128265,0.122925,0.117226,0.112494,0.108314,0.105274,0.103599,0.101011,0.097625,0.093117,0.086471
0.114022,0.128185,0.138488,0.142211,0.140625,0.138852,0.138865,0.141071,0.141089,0.139609,0.135201,0.131009,0.128375,0.126479,0.125644,0.125857,0.124123,0.120593,0.115086,0.106513
0.128547,0.140848,0.149564,0.152311,0.150444,0.148769,0.149078,0.151579,0.152077,0.151265,0.147864,0.144900,0.143616,0.143160,0.143607,0.144721,0.143569,0.140208,0.134519,0.125707
0.152440,0.160232,0.165732,0.167463,0.166312,0.165380,0.165801,0.167669,0.168217,0.167924,0.165951,0.164285,0.163747,0.163773,0.164345,0.165259,0.164573,0.162317,0.158412,0.152441
0.195026,0.185721,0.180339,0.180858,0.184634,0.186261,0.184112,0.179239,0.177265,0.176933,0.179095,0.179125,0.175286,0.168729,0.160783,0.153632,0.151414,0.155217,0.165112,0.180405
0.172031,0.167623,0.165720,0.167276,0.170303,0.171346,0.169237,0.164799,0.161480,0.158728,0.157102,0.154129,0.149168,0.143366,0.137695,0.133319,0.132888,0.136713,0.144415,0.155646
0.151473,0.148772,0.147467,0.147621,0.147432,0.144828,0.139330,0.132645,0.128470,0.125797,0.124798,0.122359,0.117285,0.110193,0.102764,0.097299,0.096270,0.100933,0.111204,0.125173
0.123985,0.122364,0.120981,0.119093,0.115292,0.109003,0.100375,0.091784,0.086897,0.084395,0.084136,0.082693,0.078449,0.071463,0.063841,0.058623,0.057857,0.063510,0.075755,0.091444
0.112691,0.111047,0.108994,0.105486,0.099729,0.092131,0.082856,0.073946,0.068018,0.064235,0.062539,0.060769,0.057889,0.053916,0.050354,0.049169,0.051465,0.058514,0.070210,0.083967
0.117536,0.114357,0.111001,0.106859,0.101712,0.095899,0.088959,0.081699,0.075193,0.069641,0.065444,0.062636,0.061432,0.062314,0.065379,0.070200,0.076878,0.084919,0.093588,0.102444
0.129997,0.125066,0.120349,0.115870,0.111973,0.108715,0.105007,0.100322,0.094230,0.087899,0.082170,0.079092,0.080017,0.085818,0.095166,0.105341,0.115534,0.123602,0.128311,0.131440
0.140719,0.135518,0.130223,0.125115,0.121325,0.119492,0.118472,0.116780,0.112410,0.107123,0.101843,0.100124,0.103968,0.114105,0.128170,0.142024,0.153770,0.160431,0.160693,0.157641
0.123277,0.118095,0.111960,0.105100,0.099325,0.096401,0.095957,0.096652,0.096263,0.095977,0.096276,0.099874,0.107838,0.119811,0.133575,0.146008,0.154795,0.158180,0.155758,0.149690
0.104331,0.100349,0.094685,0.087356,0.080383,0.076365,0.075860,0.078185,0.081624,0.086407,0.092408,0.100620,0.110787,0.121486,0.131311,0.139149,0.142876,0.142570,0.138872,0.132224
0.098069,0.095535,0.091082,0.084678,0.078166,0.074288,0.074297,0.078140,0.084877,0.093834,0.104373,0.115707,0.126407,0.134328,0.138982,0.141236,0.139543,0.135633,0.131009,0.124610
0.092889,0.091443,0.088206,0.083219,0.077959,0.074852,0.075523,0.080388,0.089291,0.100899,0.114249,0.127144,0.137336,0.142335,0.142404,0.139896,0.133948,0.127434,0.122410,0.116799
0.090841,0.089649,0.087549,0.085128,0.083372,0.083495,0.086807,0.093425,0.103417,0.115479,0.128734,0.140805,0.149550,0.152839,0.150949,0.146232,0.138389,0.130138,0.123482,0.116887
0.087735,0.086537,0.085709,0.086614,0.089733,0.094631,0.101855,0.110661,0.120764,0.131442,0.142177,0.151483,0.158080,0.160693,0.159050,0.154336,0.146586,0.137360,0.128138,0.119052
0.100285,0.099453,0.099827,0.103209,0.109692,0.117757,0.127418,0.137388,0.147094,0.156262,0.164619,0.171401,0.176009,0.177827,0.176242,0.171599,0.164143,0.154568,0.143910,0.133435
0.087052,0.085791,0.087567,0.095122,0.107708,0.121436,0.135113,0.146430,0.154594,0.160204,0.163604,0.165311,0.166034,0.166556,0.165570,0.161683,0.155721,0.146582,0.134348,0.122547
0.106088,0.108449,0.112368,0.119318,0.128762,0.138663,0.148671,0.157452,0.164015,0.168639,0.171163,0.171915,0.171326,0.169717,0.166583,0.161597,0.155149,0.146964,0.137259,0.127907
0.071446,0.071389,0.075856,0.087902,0.105593,0.123014,0.137996,0.147966,0.152476,0.152747,0.149575,0.144259,0.138622,0.134918,0.131856,0.127112,0.122408,0.115286,0.104790,0.095674
0.065159,0.068679,0.075299,0.086633,0.100604,0.112987,0.122569,0.128340,0.130574,0.129756,0.126096,0.119728,0.111702,0.103753,0.095999,0.088103,0.081914,0.076423,0.070954,0.067725
0.060909,0.066610,0.074350,0.084917,0.096594,0.106564,0.114040,0.118353,0.119112,0.116908,0.111727,0.104296,0.095873,0.087992,0.080906,0.074281,0.069288,0.064950,0.060481,0.057552
0.088307,0.101029,0.111753,0.118670,0.121825,0.123762,0.125679,0.127948,0.127720,0.125508,0.120223,0.113936,0.107871,0.102031,0.097109,0.093468,0.089704,0.085863,0.081560,0.076152
0.114019,0.129463,0.140839,0.145235,0.143939,0.142339,0.142518,0.144902,0.144797,0.142964,0.137879,0.132951,0.129671,0.127236,0.126021,0.125995,0.124008,0.120167,0.114234,0.105083
0.127101,0.141148,0.151159,0.154410,0.152371,0.150420,0.150612,0.153268,0.153782,0.152864,0.149052,0.145610,0.143863,0.142846,0.142760,0.143501,0.141864,0.138014,0.131848,0.122321
0.153257,0.162144,0.168459,0.170476,0.169084,0.167724,0.167723,0.169363,0.169793,0.169423,0.167281,0.165309,0.164282,0.163549,0.163291,0.163571,0.162382,0.159947,0.156231,0.150478
0.189877,0.186410,0.184770,0.185736,0.187812,0.188456,0.186975,0.184156,0.182860,0.182393,0.183035,0.182332,0.179392,0.174804,0.169498,0.164917,0.163195,0.165092,0.170622,0.179110
0.186790,0.185093,0.184878,0.186613,0.188990,0.189975,0.188853,0.186144,0.183733,0.181405,0.179444,0.176598,0.172689,0.168541,0.164770,0.162003,0.161780,0.164169,0.168800,0.175542
0.099488,0.099855,0.100711,0.101659,0.101087,0.097991,0.092828,0.087862,0.086701,0.087666,0.090283,0.090440,0.086104,0.077049,0.065708,0.056002,0.050321,0.051359,0.059798,0.072280
0.128350,0.125721,0.124594,0.125224,0.126064,0.125005,0.121285,0.115933,0.111665,0.108050,0.105444,0.101995,0.097256,0.092124,0.087587,0.084708,0.085413,0.090018,0.098085,0.108869
0.129308,0.129016,0.128891,0.128320,0.126341,0.122629,0.117060,0.110992,0.106293,0.102535,0.099729,0.096532,0.092522,0.088116,0.084421,0.082676,0.083933,0.088795,0.096930,0.106870
0.119487,0.119720,0.119204,0.116914,0.112544,0.107048,0.100666,0.094706,0.090216,0.086887,0.084585,0.082572,0.080518,0.078423,0.077137,0.077610,0.080053,0.085061,0.092398,0.100469
0.139198,0.136042,0.133310,0.130946,0.128736,0.126303,0.122784,0.118162,0.112744,0.107220,0.102185,0.098624,0.097401,0.099365,0.103968,0.109724,0.116547,0.123095,0.128378,0.133312
0.119910,0.116917,0.113260,0.108513,0.103159,0.098267,0.093706,0.089768,0.086505,0.084171,0.082979,0.083388,0.085546,0.089360,0.094436,0.100080,0.105644,0.110762,0.115109,0.118595
0.125856,0.121776,0.117471,0.113007,0.109081,0.106308,0.104104,0.101914,0.098996,0.096182,0.093979,0.093987,0.097047,0.103395,0.111800,0.120204,0.127561,0.132487,0.134332,0.134432
0.105773,0.101949,0.097092,0.091076,0.085099,0.080819,0.078350,0.077442,0.077329,0.078294,0.080447,0.084545,0.090589,0.097908,0.105550,0.112498,0.117427,0.120082,0.120560,0.119172
0.125812,0.117835,0.111194,0.107215,0.105937,0.105827,0.105915,0.105600,0.105953,0.107100,0.109727,0.113338,0.117696,0.122965,0.128203,0.132428,0.136059,0.138565,0.139908,0.141339
0.132837,0.128048,0.123273,0.119039,0.115881,0.113970,0.113180,0.113329,0.114750,0.117326,0.121219,0.125960,0.131039,0.135942,0.140104,0.143295,0.145250,0.146197,0.146482,0.146306
0.115633,0.112610,0.108892,0.104599,0.100419,0.097372,0.095986,0.096576,0.099550,0.104299,0.110556,0.117092,0.122765,0.126461,0.128172,0.128830,0.128114,0.127281,0.127186,0.126886
0.097757,0.095789,0.093000,0.089451,0.085777,0.083110,0.082219,0.083572,0.087626,0.093552,0.100889,0.108027,0.113565,0.116194,0.116176,0.114995,0.112432,0.110188,0.109354,0.108585
0.098705,0.096862,0.094739,0.092754,0.091328,0.090881,0.091924,0.094576,0.099181,0.105076,0.111904,0.118283,0.123070,0.125239,0.124882,0.123149,0.120007,0.116814,0.114534,0.112436
0.081610,0.080287,0.079104,0.078682,0.079150,0.080344,0.082614,0.085960,0.090797,0.096511,0.102779,0.108213,0.111798,0.112751,0.111207,0.108298,0.104270,0.100351,0.097417,0.095001
0.087917,0.087253,0.087053,0.088097,0.090376,0.093317,0.097034,0.101195,0.105841,0.110659,0.115425,0.119332,0.121824,0.122457,0.121141,0.118467,0.114650,0.110397,0.106318,0.102600
0.079586,0.079301,0.080101,0.083035,0.087710,0.092721,0.097824,0.102436,0.106598,0.110229,0.113259,0.115184,0.115843,0.115273,0.113291,0.110101,0.106215,0.101848,0.097312,0.093409
0.073426,0.074152,0.076198,0.080586,0.086657,0.092671,0.098231,0.102705,0.106053,0.108360,0.109600,0.109565,0.108414,0.106522,0.103750,0.100109,0.096245,0.092065,0.087624,0.083974
0.066651,0.068550,0.071829,0.077347,0.084214,0.090580,0.095989,0.099897,0.102230,0.103175,0.102701,0.100802,0.097878,0.094558,0.090846,0.086715,0.082908,0.079155,0.075296,0.072396
0.069525,0.073680,0.078450,0.084038,0.089724,0.094644,0.098694,0.101629,0.102890,0.102719,0.100871,0.097744,0.093901,0.089867,0.085856,0.081966,0.078514,0.075304,0.072090,0.069455
0.072470,0.078587,0.084514,0.089838,0.094100,0.097495,0.100287,0.102478,0.102966,0.102046,0.099262,0.095424,0.091228,0.087016,0.083140,0.079781,0.076752,0.073951,0.071090,0.068311
0.091429,0.100566,0.107871,0.111904,0.113016,0.113622,0.114704,0.116461,0.116411,0.115035,0.111494,0.107633,0.104421,0.101682,0.099709,0.098520,0.096664,0.094107,0.090586,0.085699
0.114653,0.124368,0.131479,0.134172,0.133326,0.132436,0.132773,0.134504,0.134438,0.133180,0.129776,0.126632,0.124840,0.123915,0.123936,0.124650,0.123894,0.121586,0.117502,0.111150
0.151748,0.153248,0.154712,0.155859,0.156273,0.155977,0.155034,0.153900,0.152845,0.151799,0.150591,0.148954,0.146896,0.144575,0.142428,0.140965,0.140424,0.141064,0.142745,0.145013
0.162997,0.164350,0.165752,0.166992,0.167738,0.167957,0.167523,0.166597,0.165055,0.163126,0.160767,0.158334,0.156231,0.154813,0.154184,0.154211,0.154902,0.156001,0.157133,0.158415
0.189132,0.190942,0.192289,0.192703,0.192274,0.191721,0.191002,0.190074,0.188028,0.185400,0.182143,0.179472,0.178167,0.178518,0.180275,0.182668,0.185040,0.186731,0.187215,0.186911
0.119161,0.119188,0.119207,0.118983,0.117871,0.115738,0.112981,0.110812,0.110966,0.112507,0.115076,0.116451,0.115425,0.111624,0.106266,0.101520,0.098412,0.098576,0.102525,0.108370
0.139433,0.139424,0.139488,0.139495,0.139173,0.138465,0.137236,0.135750,0.134258,0.132837,0.131494,0.130203,0.129091,0.128376,0.128184,0.128546,0.129578,0.131219,0.133223,0.135507
0.149504,0.150223,0.150557,0.150167,0.149124,0.148021,0.146876,0.145814,0.144424,0.142965,0.141372,0.140200,0.139800,0.140257,0.141476,0.143141,0.144844,0.146346,0.147369,0.147971
0.153024,0.153918,0.154132,0.153281,0.151755,0.150588,0.149893,0.149588,0.148728,0.147708,0.146429,0.145884,0.146562,0.148402,0.151046,0.153856,0.155996,0.157084,0.156871,0.155631
0.128952,0.129135,0.128688,0.127342,0.125414,0.123818,0.122861,0.122750,0.123191,0.124127,0.125335,0.126803,0.128371,0.129647,0.130619,0.131502,0.131833,0.131976,0.132087,0.131793
0.124966,0.125486,0.125284,0.124124,0.122499,0.121486,0.121387,0.122149,0.122986,0.124027,0.125052,0.126527,0.128526,0.130657,0.132655,0.134343,0.134962,0.134615,0.133409,0.131334
0.115124,0.115578,0.115393,0.114454,0.113243,0.112715,0.113210,0.114642,0.116289,0.118189,0.120081,0.122226,0.124560,0.126606,0.128130,0.129124,0.128912,0.127762,0.125908,0.123308
0.104328,0.104822,0.104846,0.104424,0.103948,0.104132,0.105303,0.107338,0.109607,0.112083,0.114486,0.116898,0.119171,0.120825,0.121672,0.121842,0.120806,0.118931,0.116529,0.113575
0.103843,0.104728,0.105242,0.105492,0.105846,0.106891,0.108907,0.111617,0.114193,0.116698,0.118860,0.120960,0.122996,0.124561,0.125382,0.125426,0.124130,0.121716,0.118448,0.114548
0.118330,0.119467,0.120306,0.121001,0.121907,0.123524,0.126074,0.129153,0.131761,0.134065,0.135817,0.137516,0.139313,0.140891,0.141882,0.142064,0.140824,0.138213,0.134423,0.129896
0.095963,0.096277,0.097200,0.099364,0.102529,0.105927,0.109455,0.112733,0.115614,0.118085,0.120029,0.121223,0.121621,0.121220,0.119895,0.117780,0.115101,0.112017,0.108721,0.105750
0.094130,0.095836,0.097945,0.100866,0.104363,0.107934,0.111550,0.114836,0.117271,0.118979,0.119768,0.119809,0.119303,0.118330,0.116788,0.114687,0.112063,0.108925,0.105336,0.101866
0.103350,0.106732,0.109975,0.113067,0.115965,0.118885,0.122025,0.125080,0.126977,0.127964,0.127714,0.126897,0.125943,0.124873,0.123602,0.122032,0.119779,0.116772,0.112983,0.108845
0.087995,0.090949,0.094401,0.098617,0.103094,0.107159,0.110745,0.113595,0.115223,0.115801,0.115112,0.113410,0.111069,0.108409,0.105524,0.102505,0.099554,0.096593,0.093510,0.090824
0.075923,0.079722,0.084017,0.088932,0.093797,0.097906,0.101204,0.103568,0.104573,0.104391,0.102773,0.099976,0.096450,0.092636,0.088804,0.085164,0.082023,0.079299,0.076787,0.074870
0.075306,0.081116,0.086625,0.091359,0.094922,0.097664,0.099891,0.101683,0.102014,0.101131,0.098574,0.095069,0.091229,0.087318,0.083710,0.080648,0.077909,0.075470,0.073079,0.070741
0.074631,0.081887,0.088162,0.092521,0.094852,0.096410,0.097815,0.099288,0.099287,0.098109,0.095120,0.091413,0.087696,0.084034,0.080846,0.078396,0.075988,0.073673,0.071206,0.068287
0.063327,0.070648,0.076959,0.081282,0.083472,0.084802,0.085941,0.087209,0.087187,0.086098,0.083275,0.079650,0.075833,0.071854,0.068236,0.065414,0.062765,0.060466,0.058317,0.055846
0.093186,0.102930,0.110106,0.112851,0.111961,0.110875,0.110827,0.112058,0.111486,0.109724,0.105835,0.102203,0.099944,0.098649,0.098460,0.099145,0.098616,0.096761,0.093293,0.087669
0.104850,0.113380,0.119435,0.121378,0.120170,0.119169,0.119536,0.121313,0.121388,0.120394,0.117478,0.115033,0.114119,0.114232,0.115277,0.116807,0.116654,0.114639,0.110556,0.104105
0.116604,0.123472,0.128224,0.129606,0.128628,0.128220,0.129316,0.131680,0.132303,0.131881,0.129722,0.128210,0.128395,0.129812,0.132076,0.134423,0.134750,0.132691,0.128056,0.120984
0.156814,0.151884,0.148976,0.149195,0.151275,0.152502,0.151955,0.149978,0.149122,0.148933,0.149869,0.149929,0.148435,0.146020,0.143110,0.140455,0.139949,0.141911,0.146281,0.153084
0.171368,0.168898,0.167729,0.168452,0.170232,0.171389,0.171113,0.169415,0.167394,0.165195,0.163219,0.161089,0.159005,0.157741,0.157279,0.157338,0.158826,0.161259,0.164161,0.168149
0.149010,0.147796,0.147234,0.147453,0.147703,0.147080,0.145313,0.142997,0.141491,0.140494,0.140074,0.139113,0.137244,0.134764,0.132226,0.130395,0.130196,0.132035,0.135816,0.141006
0.175876,0.174923,0.174349,0.174129,0.173887,0.173202,0.171590,0.169160,0.166204,0.163065,0.159989,0.157352,0.155633,0.155404,0.156550,0.158504,0.161417,0.164671,0.167686,0.170877
0.118795,0.117879,0.116752,0.115001,0.112075,0.108123,0.103558,0.099821,0.098916,0.099843,0.102295,0.103905,0.103337,0.100146,0.095600,0.091921,0.090098,0.091837,0.097632,0.105298
0.129557,0.128041,0.126658,0.125275,0.123586,0.121460,0.118670,0.115681,0.113259,0.111372,0.110143,0.109197,0.108468,0.108169,0.108488,0.109557,0.111666,0.114838,0.118817,0.123295
0.144495,0.143086,0.141603,0.139912,0.138078,0.136339,0.134380,0.132211,0.129723,0.127302,0.125155,0.123918,0.124041,0.125798,0.128835,0.132373,0.136089,0.139374,0.141769,0.143690
0.131424,0.130129,0.128252,0.125509,0.122286,0.119490,0.117192,0.115566,0.114428,0.113899,0.113973,0.114917,0.116757,0.119269,0.122217,0.125318,0.128023,0.130296,0.132058,0.133177
0.144105,0.141978,0.139631,0.137149,0.135035,0.133803,0.133178,0.132745,0.131810,0.130897,0.130218,0.130812,0.133190,0.137383,0.142576,0.147537,0.151483,0.153655,0.153737,0.152612
0.138031,0.136177,0.133753,0.130798,0.128051,0.126474,0.126117,0.126644,0.127266,0.128273,0.129685,0.132203,0.135977,0.140624,0.145425,0.149595,0.152201,0.152985,0.151985,0.149686
0.123407,0.121862,0.119569,0.116561,0.113630,0.111927,0.111803,0.113111,0.115264,0.118211,0.121772,0.126012,0.130609,0.134813,0.138176,0.140609,0.141288,0.140595,0.138946,0.136281
0.117898,0.116769,0.114965,0.112638,0.110548,0.109727,0.110606,0.112989,0.116264,0.120282,0.124776,0.129620,0.134366,0.138169,0.140644,0.141927,0.141276,0.139273,0.136490,0.132829
0.109989,0.109160,0.107904,0.106549,0.105682,0.105973,0.107855,0.111111,0.115293,0.120134,0.125315,0.130405,0.134821,0.137721,0.138845,0.138610,0.136525,0.133361,0.129808,0.125735
0.107237,0.106794,0.106287,0.106256,0.107080,0.108931,0.112111,0.116247,0.120890,0.125823,0.130754,0.135272,0.138905,0.140987,0.141250,0.140060,0.137130,0.133114,0.128651,0.123896
0.103568,0.103537,0.103895,0.105403,0.108158,0.111716,0.116168,0.120958,0.125649,0.130139,0.134208,0.137572,0.139973,0.141042,0.140484,0.138494,0.135027,0.130485,0.125358,0.120191
0.095355,0.095772,0.097118,0.100369,0.105253,0.110589,0.116183,0.121322,0.125641,0.129189,0.131857,0.133516,0.134193,0.133922,0.132399,0.129606,0.125811,0.121075,0.115660,0.110544
0.103665,0.105849,0.108602,0.112537,0.117417,0.122522,0.127806,0.132636,0.136221,0.138743,0.139983,0.140254,0.139846,0.138854,0.137051,0.134338,0.130725,0.126152,0.120731,0.115350
0.085310,0.087069,0.090424,0.096434,0.104184,0.111553,0.117968,0.122667,0.125443,0.126582,0.126108,0.124179,0.121315,0.118237,0.114790,0.110720,0.106776,0.102505,0.097712,0.093809
0.089757,0.094319,0.099459,0.105390,0.111440,0.116804,0.121408,0.124914,0.126550,0.126606,0.124806,0.121697,0.117914,0.113966,0.110005,0.106057,0.102337,0.098607,0.094628,0.091090
0.084990,0.090714,0.096714,0.102877,0.108525,0.113230,0.117054,0.119843,0.120684,0.119893,0.117104,0.113019,0.108371,0.103686,0.099272,0.095247,0.091706,0.088433,0.085100,0.082149
0.083322,0.090847,0.097871,0.103693,0.107880,0.111021,0.113552,0.115595,0.115791,0.114458,0.111012,0.106447,0.101552,0.096640,0.092194,0.088501,0.085213,0.082280,0.079379,0.076447
0.111117,0.122501,0.131151,0.135025,0.134860,0.134277,0.134675,0.136366,0.136039,0.134290,0.130036,0.125742,0.122586,0.120147,0.118738,0.118322,0.116767,0.114069,0.109954,0.103720
0.112529,0.122969,0.130753,0.134013,0.133583,0.133001,0.133642,0.135731,0.136044,0.135122,0.131917,0.128740,0.126624,0.125037,0.124186,0.124027,0.122436,0.119482,0.115011,0.108383
0.124849,0.134812,0.141972,0.144507,0.143524,0.142812,0.143738,0.146302,0.146908,0.146241,0.143296,0.140757,0.139788,0.139772,0.140614,0.141876,0.141102,0.138154,0.132866,0.124900
0.146660,0.154325,0.159671,0.161300,0.160263,0.159741,0.160820,0.163350,0.164202,0.164017,0.161998,0.160513,0.160568,0.161603,0.163340,0.165194,0.164982,0.162489,0.157590,0.150225
0.169862,0.173822,0.176620,0.177650,0.177504,0.177831,0.179149,0.181215,0.182152,0.182408,0.181554,0.181034,0.181494,0.182646,0.184168,0.185548,0.185507,0.183820,0.180395,0.175488
0.149188,0.150908,0.152713,0.154758,0.156948,0.159215,0.161609,0.163893,0.165475,0.166507,0.166790,0.166634,0.166275,0.165738,0.164925,0.163792,0.162175,0.160062,0.157456,0.154742
0.119023,0.120369,0.122469,0.125761,0.129620,0.133021,0.135801,0.137866,0.139398,0.140353,0.140605,0.139789,0.137938,0.135330,0.132182,0.128885,0.125997,0.123684,0.121949,0.121074
0.159084,0.162543,0.165458,0.167394,0.168361,0.169104,0.169931,0.170907,0.171121,0.170781,0.169542,0.168052,0.166708,0.165497,0.164519,0.163809,0.162879,0.161736,0.160253,0.158384
0.135531,0.137368,0.139680,0.142608,0.145540,0.147806,0.149346,0.150294,0.150857,0.150975,0.150477,0.149027,0.146673,0.143680,0.140413,0.137372,0.135038,0.133633,0.133091,0.133389
0.135554,0.139024,0.142350,0.145227,0.147306,0.148757,0.149742,0.150427,0.150340,0.149607,0.147929,0.145620,0.143021,0.140327,0.137845,0.135838,0.134253,0.133148,0.132338,0.131732
0.131898,0.136340,0.140212,0.142916,0.144276,0.145027,0.145534,0.146058,0.145800,0.144911,0.142978,0.140533,0.137974,0.135369,0.133064,0.131354,0.129895,0.128805,0.127906,0.126908
0.127009,0.132068,0.136235,0.138723,0.139529,0.139827,0.140123,0.140687,0.140410,0.139492,0.137441,0.135029,0.132719,0.130475,0.128609,0.127356,0.126103,0.124964,0.123771,0.122159
0.126022,0.131733,0.136157,0.138312,0.138466,0.138347,0.138609,0.139447,0.139251,0.138338,0.136144,0.133858,0.132091,0.130680,0.129799,0.129466,0.128661,0.127403,0.125515,0.122678
0.110007,0.114960,0.118916,0.121099,0.121620,0.121797,0.122221,0.123148,0.123406,0.123145,0.121829,0.120162,0.118508,0.116691,0.115001,0.113744,0.112227,0.110686,0.109062,0.106924
0.107950,0.113519,0.117785,0.119839,0.120041,0.120152,0.120843,0.122203,0.122498,0.122063,0.120326,0.118538,0.117305,0.116400,0.115898,0.115745,0.114831,0.113165,0.110624,0.106993
0.106562,0.112280,0.116557,0.118460,0.118501,0.118649,0.119627,0.121423,0.122035,0.121861,0.120305,0.118824,0.118088,0.117797,0.117907,0.118219,0.117422,0.115469,0.112252,0.107662
0.106672,0.112276,0.116420,0.118238,0.118342,0.118749,0.120175,0.122473,0.123456,0.123583,0.122267,0.121118,0.120867,0.121174,0.121862,0.122569,0.121859,0.119601,0.115704,0.110226
0.102818,0.107939,0.111816,0.113769,0.114351,0.115289,0.117224,0.119930,0.121354,0.121921,0.121084,0.120307,0.120255,0.120608,0.121156,0.121554,0.120504,0.117892,0.113674,0.108017
0.092129,0.096597,0.100260,0.102710,0.104256,0.106024,0.108498,0.111436,0.113199,0.114111,0.113694,0.113035,0.112663,0.112369,0.112017,0.111429,0.109690,0.106761,0.102636,0.097546
0.088609,0.093474,0.097534,0.100365,0.102255,0.104324,0.107060,0.110191,0.111973,0.112771,0.112090,0.111119,0.110460,0.109941,0.109426,0.108696,0.106814,0.103690,0.099286,0.093889
0.078607,0.083336,0.087573,0.091036,0.093776,0.096472,0.099500,0.102619,0.104390,0.105115,0.104341,0.103005,0.101656,0.100254,0.098773,0.097141,0.094726,0.091476,0.087337,0.082606
0.068612,0.073631,0.078315,0.082399,0.085764,0.088855,0.091992,0.094980,0.096514,0.096885,0.095650,0.093670,0.091522,0.089285,0.087037,0.084784,0.082066,0.078821,0.074937,0.070704
0.066273,0.072473,0.077970,0.082203,0.085160,0.087767,0.090511,0.093281,0.094444,0.094352,0.092456,0.089894,0.087365,0.084901,0.082635,0.080564,0.077981,0.074811,0.070899,0.066379
0.055247,0.061554,0.067300,0.071940,0.075292,0.078067,0.080712,0.083213,0.084160,0.083844,0.081723,0.078746,0.075565,0.072294,0.069200,0.066446,0.063527,0.060436,0.056995,0.053245
0.081168,0.090537,0.097649,0.100934,0.101111,0.101207,0.102366,0.104655,0.105062,0.104166,0.101064,0.097993,0.096010,0.094723,0.094205,0.094229,0.092870,0.090032,0.085513,0.078990
0.088195,0.096855,0.103303,0.106093,0.106036,0.106114,0.107450,0.110023,0.110846,0.110484,0.108065,0.105772,0.104586,0.104040,0.104101,0.104483,0.103234,0.100272,0.095465,0.088576
0.116079,0.122693,0.127440,0.129152,0.128589,0.128306,0.129198,0.131213,0.131843,0.131594,0.129777,0.128261,0.127866,0.128171,0.129035,0.130094,0.129634,0.127536,0.123681,0.117953
0.102128,0.106134,0.109517,0.111910,0.113462,0.115038,0.117028,0.119297,0.120547,0.121043,0.120370,0.119389,0.118562,0.117777,0.117003,0.116167,0.114585,0.112244,0.109096,0.105287
0.155032,0.146821,0.142178,0.142894,0.146520,0.148134,0.146288,0.141975,0.140330,0.140176,0.142249,0.142270,0.138626,0.132352,0.124715,0.117811,0.115439,0.118667,0.127584,0.141494
0.116364,0.112742,0.111542,0.113724,0.117337,0.119019,0.117746,0.114305,0.111972,0.110128,0.109212,0.106696,0.101865,0.095745,0.089362,0.084069,0.082470,0.085054,0.091581,0.101628
0.108489,0.106266,0.105571,0.106595,0.107563,0.106253,0.102081,0.096446,0.092618,0.089808,0.088228,0.085243,0.079964,0.073150,0.066248,0.061132,0.060126,0.064141,0.072972,0.085212
0.100245,0.099532,0.099236,0.098806,0.096980,0.093036,0.086844,0.080067,0.075286,0.071786,0.069564,0.066527,0.061896,0.056088,0.050574,0.047193,0.047496,0.052485,0.061949,0.073965
0.115549,0.115143,0.114592,0.113158,0.110330,0.106324,0.100840,0.094747,0.088885,0.083419,0.078534,0.074282,0.070991,0.069254,0.069493,0.071659,0.076006,0.082196,0.089497,0.097332
0.127848,0.127284,0.126025,0.123364,0.119677,0.116103,0.112289,0.108208,0.102959,0.097431,0.091920,0.088311,0.087758,0.090759,0.096643,0.103706,0.110899,0.116852,0.120599,0.122862
0.132100,0.130651,0.128199,0.124320,0.120194,0.117540,0.115965,0.114571,0.111099,0.106928,0.102445,0.100797,0.103617,0.111174,0.121813,0.132554,0.141340,0.146109,0.145902,0.142585
0.121458,0.118946,0.115198,0.110093,0.105319,0.102958,0.102875,0.103884,0.103415,0.102665,0.101897,0.104017,0.110247,0.120268,0.132148,0.143038,0.150546,0.153027,0.150028,0.143444
0.112376,0.109681,0.105611,0.100254,0.095460,0.093450,0.094492,0.097506,0.100176,0.103190,0.106541,0.112159,0.120500,0.130633,0.140869,0.149307,0.153697,0.153341,0.148450,0.140305
0.098179,0.096117,0.092441,0.087243,0.082291,0.079981,0.081215,0.085498,0.091316,0.098484,0.106553,0.115711,0.125234,0.133444,0.139443,0.143156,0.142845,0.139384,0.133838,0.126074
0.094949,0.093574,0.090880,0.087181,0.083886,0.082877,0.085300,0.090949,0.099005,0.108733,0.119439,0.130084,0.139251,0.145008,0.147039,0.146483,0.142264,0.136187,0.129803,0.122276
0.083623,0.082692,0.081141,0.079687,0.079274,0.080797,0.085215,0.092200,0.101263,0.111583,0.122483,0.132551,0.140330,0.144134,0.143808,0.140745,0.134437,0.126748,0.119256,0.111347
0.073180,0.072342,0.072044,0.073674,0.077643,0.083320,0.091024,0.099782,0.108975,0.118199,0.127064,0.134714,0.140338,0.142986,0.142161,0.138450,0.131778,0.123142,0.113706,0.104147
0.069869,0.069407,0.070467,0.074919,0.082673,0.091812,0.102048,0.111858,0.120432,0.127830,0.133941,0.138616,0.141768,0.143215,0.142143,0.138282,0.131883,0.123015,0.112338,0.101724
0.065409,0.065525,0.068002,0.074994,0.085854,0.097545,0.109240,0.119107,0.126334,0.131367,0.134342,0.135655,0.135866,0.135548,0.133760,0.129589,0.123677,0.115295,0.104579,0.094271
0.073026,0.075345,0.079555,0.087214,0.097560,0.108123,0.118295,0.126649,0.132252,0.135558,0.136545,0.135785,0.133992,0.131822,0.128706,0.123995,0.118235,0.110772,0.101567,0.092835
0.060107,0.062415,0.067587,0.077486,0.090663,0.103334,0.114286,0.121931,0.125716,0.126386,0.124214,0.120023,0.115041,0.110729,0.106509,0.101263,0.096148,0.089806,0.081673,0.074666
0.058989,0.064104,0.071044,0.080677,0.091587,0.101267,0.109088,0.114279,0.116291,0.115623,0.112199,0.106650,0.100026,0.093544,0.087320,0.081075,0.075759,0.070604,0.065069,0.060772
0.055582,0.062734,0.070809,0.079936,0.088943,0.096502,0.102390,0.106218,0.106996,0.105238,0.100638,0.094169,0.086971,0.080070,0.073817,0.068119,0.063442,0.059176,0.054725,0.051079
0.052331,0.061726,0.070845,0.078954,0.085289,0.090086,0.093725,0.096297,0.096294,0.094136,0.089186,0.082639,0.075563,0.068568,0.062297,0.057060,0.052692,0.048984,0.045440,0.042148
0.080927,0.096002,0.107496,0.112701,0.112551,0.111749,0.112171,0.114286,0.113868,0.111621,0.106117,0.100447,0.096070,0.092420,0.090012,0.088949,0.086531,0.082848,0.077584,0.069676
0.099483,0.114767,0.125672,0.129188,0.126866,0.124529,0.124393,0.126864,0.127027,0.125644,0.121147,0.117062,0.114835,0.113466,0.113226,0.114021,0.112421,0.108589,0.102372,0.092574
0.105737,0.118443,0.127443,0.130320,0.128517,0.127002,0.127650,0.130626,0.131543,0.131101,0.127964,0.125245,0.124194,0.123882,0.124360,0.125394,0.123929,0.120061,0.113722,0.104117
0.136897,0.142325,0.146323,0.147889,0.147375,0.146685,0.146625,0.147518,0.147918,0.147956,0.146989,0.145848,0.144858,0.143630,0.142449,0.141672,0.140301,0.138694,0.136878,0.134207
0.160655,0.162687,0.164531,0.165950,0.166778,0.167287,0.167577,0.167776,0.167505,0.166899,0.165758,0.164378,0.163021,0.161790,0.160815,0.160177,0.159720,0.159447,0.159201,0.158949
0.137994,0.138974,0.140490,0.142685,0.144897,0.146374,0.146994,0.147026,0.147021,0.146842,0.146385,0.145073,0.142828,0.139926,0.136793,0.134024,0.132241,0.131728,0.132415,0.134126
0.154564,0.157663,0.160287,0.161943,0.162551,0.162769,0.162782,0.162727,0.161850,0.160427,0.158204,0.155898,0.154005,0.152668,0.151995,0.151887,0.151924,0.151947,0.151668,0.151070
0.117497,0.119249,0.121157,0.123052,0.124294,0.124586,0.124088,0.123435,0.123336,0.123428,0.123436,0.122419,0.120027,0.116318,0.112054,0.108382,0.105933,0.105438,0.106983,0.109737
0.098513,0.100954,0.103323,0.105262,0.106216,0.106200,0.105432,0.104548,0.103969,0.103444,0.102666,0.101025,0.098346,0.094711,0.090841,0.087722,0.085769,0.085577,0.087132,0.089628
0.128437,0.131774,0.134370,0.135490,0.135141,0.134342,0.133339,0.132396,0.130667,0.128475,0.125556,0.122791,0.120749,0.119565,0.119369,0.120001,0.120880,0.121793,0.122371,0.122451
0.113835,0.116365,0.118281,0.118987,0.118394,0.117312,0.116075,0.115154,0.114278,0.113434,0.112304,0.110984,0.109560,0.107959,0.106561,0.105814,0.105479,0.105864,0.106880,0.107925
0.133524,0.136076,0.137780,0.138006,0.137071,0.136210,0.135613,0.135244,0.133850,0.131936,0.129318,0.127324,0.126689,0.127471,0.129413,0.131834,0.133787,0.134770,0.134390,0.132903
0.129780,0.131884,0.133056,0.132758,0.131464,0.130528,0.130246,0.130541,0.130146,0.129458,0.128243,0.127638,0.128175,0.129689,0.131880,0.134204,0.135645,0.135916,0.134823,0.132539
0.103992,0.105056,0.105472,0.104941,0.103740,0.102791,0.102451,0.102886,0.103617,0.104619,0.105605,0.106678,0.107761,0.108489,0.108887,0.109189,0.108908,0.108393,0.107795,0.106781
0.096850,0.098321,0.099046,0.098735,0.097806,0.097338,0.097700,0.098860,0.099924,0.101012,0.101828,0.102863,0.104231,0.105563,0.106693,0.107564,0.107437,0.106472,0.104776,0.102292
0.112327,0.113669,0.114345,0.114189,0.113739,0.114017,0.115266,0.117139,0.118346,0.119239,0.119603,0.120428,0.122118,0.124403,0.126805,0.128746,0.129270,0.128151,0.125378,0.121407
0.087633,0.087912,0.088165,0.088612,0.089329,0.090407,0.091993,0.093976,0.096103,0.098301,0.100367,0.102123,0.103403,0.103938,0.103658,0.102804,0.101243,0.099320,0.097284,0.095198
0.091058,0.092417,0.093534,0.094495,0.095511,0.096984,0.099109,0.101607,0.103656,0.105394,0.106579,0.107613,0.108648,0.109462,0.109823,0.109622,0.108386,0.106188,0.103155,0.099607
0.089435,0.091206,0.092815,0.094368,0.095994,0.097976,0.100494,0.103248,0.105388,0.107066,0.108026,0.108692,0.109265,0.109586,0.109459,0.108792,0.107175,0.104658,0.101342,0.097597
0.086903,0.089165,0.091337,0.093523,0.095760,0.098225,0.101072,0.103986,0.106069,0.107512,0.108045,0.108158,0.108136,0.107906,0.107309,0.106244,0.104352,0.101625,0.098116,0.094250
0.078933,0.081536,0.084243,0.087203,0.090257,0.093295,0.096406,0.099304,0.101231,0.102365,0.102447,0.101881,0.100983,0.099815,0.098324,0.096496,0.094168,0.091321,0.087951,0.084498
0.062268,0.064987,0.068204,0.072190,0.076439,0.080274,0.083636,0.086311,0.087917,0.088581,0.088091,0.086590,0.084383,0.081759,0.078844,0.075800,0.072867,0.070033,0.067215,0.064854
0.058798,0.063123,0.067473,0.071714,0.075454,0.078636,0.081407,0.083679,0.084654,0.084545,0.083006,0.080558,0.077689,0.074651,0.071654,0.068846,0.066152,0.063528,0.060804,0.058222
0.058745,0.064582,0.069851,0.073984,0.076800,0.079023,0.081067,0.082981,0.083493,0.082883,0.080649,0.077681,0.074598,0.071523,0.068731,0.066374,0.063973,0.061513,0.058791,0.055788
0.100558,0.106705,0.111439,0.113629,0.113520,0.112990,0.112763,0.113158,0.112584,0.111332,0.108796,0.106145,0.103983,0.102144,0.100911,0.100415,0.099626,0.098629,0.097224,0.094916
0.116266,0.121213,0.124988,0.126708,0.126669,0.126473,0.126642,0.127266,0.126756,0.125517,0.123090,0.120788,0.119308,0.118562,0.118571,0.119096,0.119095,0.118393,0.116732,0.114017
0.129804,0.134355,0.137652,0.138856,0.138458,0.138217,0.138624,0.139590,0.139242,0.138111,0.135783,0.133876,0.133207,0.133647,0.134978,0.136627,0.137312,0.136668,0.134411,0.130706
0.153386,0.156584,0.158732,0.159230,0.158658,0.158554,0.159219,0.160342,0.160056,0.158998,0.156903,0.155525,0.155746,0.157489,0.160256,0.163101,0.164700,0.164444,0.162006,0.157931
0.157173,0.159566,0.161082,0.161355,0.160998,0.161332,0.162615,0.164416,0.164975,0.164865,0.163854,0.163506,0.164564,0.166872,0.169843,0.172553,0.173759,0.172928,0.169857,0.165201
0.158378,0.160536,0.161863,0.162115,0.161956,0.162650,0.164484,0.166950,0.168281,0.168996,0.168842,0.169268,0.170915,0.173530,0.176486,0.178924,0.179606,0.178103,0.174326,0.168962
0.115998,0.116422,0.117043,0.118204,0.119817,0.121655,0.123813,0.126164,0.128600,0.131001,0.133164,0.134747,0.135548,0.135370,0.134222,0.132468,0.130182,0.127755,0.125458,0.123382
0.112753,0.114755,0.116601,0.118388,0.120209,0.122330,0.124952,0.127801,0.130040,0.131799,0.132792,0.133397,0.133793,0.133820,0.133331,0.132317,0.130401,0.127684,0.124286,0.120527
0.113832,0.116749,0.119356,0.121612,0.123640,0.125905,0.128679,0.131670,0.133770,0.135191,0.135591,0.135601,0.135549,0.135300,0.134712,0.133697,0.131735,0.128845,0.125086,0.120802
0.112933,0.116358,0.119497,0.122275,0.124747,0.127335,0.130298,0.133341,0.135286,0.136388,0.136292,0.135726,0.135112,0.134392,0.133455,0.132189,0.130088,0.127109,0.123248,0.118892
0.111599,0.115635,0.119350,0.122581,0.125335,0.128066,0.131055,0.134035,0.135751,0.136489,0.135867,0.134707,0.133516,0.132294,0.130984,0.129479,0.127266,0.124264,0.120413,0.116082
0.114237,0.119260,0.123668,0.127063,0.129540,0.131943,0.134681,0.137541,0.138972,0.139324,0.138129,0.136466,0.134960,0.133578,0.132293,0.130968,0.128873,0.125901,0.121946,0.117282
0.128287,0.134708,0.139817,0.142779,0.144040,0.145389,0.147524,0.150278,0.151439,0.151476,0.149766,0.147925,0.146754,0.146031,0.145667,0.145381,0.143869,0.140987,0.136607,0.130844
0.106540,0.111050,0.115383,0.119349,0.122716,0.125703,0.128569,0.131199,0.132595,0.132962,0.131898,0.130001,0.127730,0.125198,0.122565,0.119980,0.117185,0.114202,0.110939,0.107595
0.121408,0.128482,0.134187,0.137574,0.139019,0.140372,0.142368,0.144917,0.145772,0.145412,0.143173,0.140716,0.138894,0.137534,0.136646,0.136016,0.134354,0.131520,0.127338,0.121835
0.108903,0.114982,0.120243,0.124052,0.126440,0.128484,0.130732,0.133167,0.134226,0.134201,0.132521,0.130224,0.127921,0.125564,0.123340,0.121355,0.118877,0.115941,0.112432,0.108320
0.079803,0.084520,0.089430,0.094414,0.098855,0.102428,0.105270,0.107426,0.108364,0.108193,0.106538,0.103633,0.099874,0.095590,0.091207,0.087163,0.083661,0.080802,0.078433,0.076624
0.072651,0.079214,0.085304,0.090302,0.093835,0.096465,0.098609,0.100417,0.100731,0.099791,0.097055,0.093309,0.089181,0.084896,0.080908,0.077555,0.074536,0.071896,0.069393,0.066895
0.103360,0.113581,0.121231,0.124439,0.123967,0.123243,0.123546,0.125121,0.124836,0.123280,0.119470,0.115764,0.113271,0.111573,0.110867,0.111012,0.109942,0.107605,0.103744,0.097782
0.092075,0.100188,0.106480,0.109629,0.110080,0.110244,0.111130,0.112958,0.113459,0.112981,0.110698,0.108142,0.106036,0.104033,0.102407,0.101322,0.099376,0.096734,0.093297,0.088546
0.106306,0.114971,0.121317,0.123815,0.123340,0.123033,0.124017,0.126280,0.126738,0.126013,0.123246,0.120769,0.119634,0.119380,0.119928,0.120876,0.120159,0.117614,0.113053,0.106257
0.087977,0.094232,0.099231,0.102130,0.103251,0.104276,0.105948,0.108295,0.109471,0.109765,0.108525,0.106938,0.105576,0.104165,0.102832,0.101668,0.099601,0.096756,0.093104,0.088440
0.073522,0.079245,0.084134,0.087590,0.089704,0.091583,0.093778,0.096253,0.097462,0.097682,0.096352,0.094473,0.092605,0.090650,0.088748,0.086994,0.084630,0.081714,0.078172,0.073976
0.073693,0.080595,0.086208,0.089637,0.091204,0.092639,0.094675,0.097261,0.098302,0.098205,0.096303,0.094069,0.092259,0.090683,0.089411,0.088365,0.086368,0.083383,0.079288,0.074033
0.099002,0.107048,0.112945,0.115324,0.115032,0.114991,0.116257,0.118759,0.119555,0.119231,0.116971,0.114961,0.114175,0.114149,0.114760,0.115617,0.114760,0.112051,0.107349,0.100513
0.118916,0.125181,0.129688,0.131399,0.131099,0.131212,0.132576,0.135021,0.136002,0.136055,0.134527,0.133320,0.133269,0.133958,0.135145,0.136354,0.135869,0.133510,0.129172,0.122908
0.133205,0.137900,0.141326,0.142822,0.143037,0.143764,0.145589,0.148197,0.149429,0.149795,0.148806,0.148112,0.148462,0.149551,0.151020,0.152293,0.151948,0.149718,0.145505,0.139639
0.130749,0.134380,0.137286,0.139173,0.140432,0.142114,0.144597,0.147511,0.149196,0.150051,0.149694,0.149331,0.149548,0.150158,0.150845,0.151174,0.150168,0.147622,0.143491,0.138229
0.160952,0.163997,0.166288,0.167500,0.168045,0.169021,0.170785,0.173053,0.174329,0.174978,0.174658,0.174472,0.174934,0.175838,0.176879,0.177643,0.177178,0.175306,0.171979,0.167550
0.149472,0.151215,0.153060,0.155201,0.157577,0.160111,0.162828,0.165395,0.167093,0.168135,0.168339,0.168155,0.167897,0.167609,0.167109,0.166214,0.164696,0.162445,0.159436,0.156202
0.135659,0.137658,0.140021,0.143009,0.146295,0.149417,0.152329,0.154789,0.156368,0.157207,0.157125,0.156319,0.155054,0.153511,0.151690,0.149628,0.147409,0.145000,0.142353,0.139923
0.133674,0.137106,0.140493,0.143760,0.146691,0.149357,0.151896,0.154152,0.155300,0.155560,0.154633,0.153061,0.151271,0.149407,0.147526,0.145643,0.143554,0.141195,0.138452,0.135630
0.148304,0.153751,0.158203,0.160978,0.162331,0.163620,0.165373,0.167488,0.168205,0.167931,0.166153,0.164188,0.162740,0.161710,0.161073,0.160617,0.159348,0.157122,0.153774,0.149415
0.120722,0.124299,0.128010,0.131795,0.135194,0.137991,0.140315,0.142200,0.143225,0.143452,0.142559,0.140676,0.138064,0.134923,0.131571,0.128397,0.125533,0.123129,0.121110,0.119518
0.146449,0.153121,0.158349,0.161101,0.161774,0.162319,0.163457,0.165193,0.165401,0.164553,0.162028,0.159461,0.157691,0.156552,0.156068,0.156006,0.155061,0.153079,0.149837,0.145260
0.117273,0.121455,0.125484,0.129074,0.131833,0.133912,0.135597,0.137077,0.137854,0.137947,0.136944,0.134974,0.132260,0.128904,0.125339,0.122110,0.119234,0.116995,0.115345,0.114052
0.117993,0.123864,0.128900,0.132370,0.134247,0.135627,0.137019,0.138536,0.138785,0.138053,0.135809,0.133044,0.130374,0.127818,0.125629,0.123932,0.122055,0.120008,0.117597,0.114676
0.106783,0.112770,0.117924,0.121480,0.123339,0.124568,0.125726,0.127051,0.127330,0.126745,0.124724,0.122028,0.119143,0.116057,0.113166,0.110838,0.108524,0.106405,0.104346,0.101990
0.122082,0.130058,0.136112,0.138865,0.138893,0.138781,0.139476,0.141079,0.141052,0.139920,0.136920,0.133992,0.132079,0.130897,0.130519,0.130726,0.129879,0.127860,0.124432,0.119320
0.154227,0.159943,0.164064,0.165484,0.164750,0.164044,0.164080,0.164936,0.164585,0.163493,0.161096,0.159018,0.158030,0.157885,0.158534,0.159656,0.159838,0.158913,0.156655,0.152897
0.171670,0.175419,0.178109,0.179077,0.178786,0.178743,0.179338,0.180409,0.180244,0.179358,0.177412,0.175905,0.175599,0.176389,0.177985,0.179764,0.180551,0.179954,0.177710,0.174103
0.177004,0.180101,0.182277,0.183051,0.182926,0.183246,0.184335,0.185904,0.186266,0.185935,0.184615,0.183760,0.184084,0.185453,0.187461,0.189401,0.190122,0.189208,0.186454,0.182309
0.189062,0.192053,0.194026,0.194533,0.194257,0.194706,0.196222,0.198354,0.199128,0.199144,0.198109,0.197719,0.198767,0.201050,0.203975,0.206611,0.207584,0.206372,0.202788,0.197474
0.176740,0.178709,0.180140,0.180938,0.181521,0.182715,0.184778,0.187327,0.189058,0.190292,0.190762,0.191389,0.192571,0.194076,0.195505,0.196412,0.195955,0.193975,0.190494,0.185993
0.126345,0.126822,0.127910,0.130106,0.132968,0.135669,0.138182,0.140470,0.142866,0.145139,0.147116,0.148069,0.147704,0.146004,0.143193,0.139918,0.136700,0.134035,0.132175,0.131150
0.108661,0.110511,0.112835,0.115950,0.119401,0.122544,0.125369,0.127774,0.129668,0.131012,0.131592,0.131175,0.129792,0.127573,0.124707,0.121595,0.118568,0.115863,0.113552,0.111835
0.071634,0.073305,0.076185,0.080856,0.086260,0.090703,0.093896,0.095868,0.097283,0.097977,0.097840,0.096085,0.092662,0.088072,0.082811,0.077617,0.073567,0.070944,0.069718,0.070076
0.073759,0.078334,0.082953,0.087365,0.091008,0.093762,0.095793,0.097243,0.097615,0.097016,0.095081,0.092070,0.088376,0.084305,0.080302,0.076796,0.073916,0.071766,0.070155,0.069029
0.131146,0.129332,0.129103,0.130846,0.132874,0.132900,0.130396,0.126512,0.124199,0.122686,0.122114,0.119938,0.115276,0.108779,0.101764,0.096065,0.093907,0.096233,0.102977,0.112972
0.159085,0.158624,0.159132,0.160580,0.161789,0.161412,0.158861,0.154827,0.150815,0.146781,0.142955,0.138612,0.133864,0.129591,0.126445,0.124851,0.125980,0.129701,0.135416,0.142834
0.185818,0.187249,0.188402,0.188572,0.187416,0.185351,0.182168,0.178323,0.173733,0.168822,0.163661,0.159039,0.155674,0.154165,0.154670,0.156730,0.160182,0.164400,0.168614,0.172774
0.194645,0.196571,0.197365,0.196094,0.193247,0.190495,0.187906,0.185504,0.181873,0.177781,0.173195,0.170013,0.169297,0.171261,0.175446,0.180603,0.185458,0.189047,0.190648,0.190646
0.198757,0.199812,0.199501,0.197128,0.193810,0.191661,0.190725,0.190370,0.188191,0.185302,0.181742,0.180304,0.182365,0.187931,0.195792,0.203763,0.209811,0.212489,0.211113,0.206909
0.172537,0.171783,0.169696,0.165925,0.161729,0.159140,0.158493,0.159343,0.160009,0.160983,0.162152,0.164965,0.169824,0.176092,0.182802,0.188791,0.192359,0.193095,0.191025,0.186671
0.182241,0.180490,0.177991,0.174929,0.172459,0.171864,0.173219,0.175681,0.177606,0.179554,0.181543,0.185000,0.190368,0.197134,0.204073,0.209754,0.212681,0.212246,0.208511,0.202597
0.154409,0.152554,0.149899,0.146678,0.143860,0.142666,0.143626,0.146503,0.150677,0.155897,0.161861,0.168272,0.174465,0.179349,0.182454,0.184011,0.183163,0.180692,0.177372,0.173018
0.126741,0.125672,0.123922,0.121786,0.119994,0.119526,0.121108,0.124736,0.130199,0.136892,0.144331,0.151455,0.157177,0.160242,0.160604,0.159312,0.155913,0.151802,0.148049,0.143952
0.127168,0.126610,0.125851,0.125503,0.126092,0.127963,0.131619,0.136705,0.142789,0.149453,0.156281,0.162511,0.167350,0.169821,0.169714,0.167751,0.163613,0.158352,0.152908,0.147188
0.138005,0.137589,0.137558,0.138839,0.141642,0.145529,0.150700,0.156539,0.162637,0.168741,0.174561,0.179517,0.183088,0.184671,0.183954,0.181363,0.176861,0.171134,0.164930,0.158705
0.122636,0.122009,0.122982,0.127092,0.133899,0.141351,0.148968,0.155659,0.161194,0.165668,0.169113,0.171301,0.172279,0.172240,0.170662,0.167310,0.162745,0.156849,0.149914,0.143502
0.118709,0.119475,0.121975,0.127612,0.135656,0.143839,0.151587,0.157861,0.162365,0.165330,0.166792,0.166781,0.165648,0.163910,0.161183,0.157156,0.152520,0.146920,0.140391,0.134591
0.104279,0.105610,0.109311,0.116922,0.127176,0.136925,0.145221,0.150977,0.154148,0.155147,0.154169,0.151403,0.147570,0.143761,0.139687,0.134812,0.130284,0.125310,0.119549,0.115050
0.107810,0.112141,0.117703,0.125054,0.133134,0.140244,0.146024,0.149999,0.151714,0.151492,0.149176,0.145159,0.140165,0.135022,0.129914,0.124821,0.120414,0.116286,0.112085,0.108847
0.137137,0.146480,0.154345,0.159528,0.162183,0.164234,0.166565,0.169253,0.169902,0.168974,0.165640,0.161621,0.157889,0.154380,0.151413,0.149072,0.146144,0.142593,0.138178,0.132685
0.131268,0.139897,0.147321,0.152497,0.155432,0.157676,0.159997,0.162496,0.163118,0.162255,0.159148,0.155239,0.151396,0.147622,0.144287,0.141570,0.138516,0.135133,0.131191,0.126483
0.106913,0.114032,0.120893,0.126943,0.131594,0.135088,0.137801,0.139903,0.140361,0.139376,0.136389,0.132050,0.126996,0.121566,0.116350,0.111844,0.107969,0.104813,0.102116,0.099747
0.124761,0.136085,0.144984,0.149580,0.150403,0.150639,0.151583,0.153527,0.153382,0.151703,0.147441,0.142867,0.139127,0.135921,0.133636,0.132337,0.130160,0.127116,0.122924,0.116952
0.112561,0.122745,0.130850,0.135253,0.136318,0.136752,0.137760,0.139709,0.140064,0.139174,0.136041,0.132343,0.128912,0.125422,0.122376,0.120165,0.117308,0.114072,0.110321,0.105289
0.124466,0.136055,0.144654,0.148185,0.147641,0.147012,0.147819,0.150242,0.150581,0.149488,0.145817,0.142276,0.140076,0.138627,0.138080,0.138260,0.136718,0.133444,0.128242,0.120497
0.124508,0.135111,0.142909,0.146046,0.145539,0.145148,0.146322,0.149145,0.150077,0.149714,0.146968,0.144354,0.142952,0.142116,0.141909,0.142151,0.140485,0.136950,0.131448,0.123467
0.143910,0.153632,0.160506,0.162778,0.161684,0.161095,0.162398,0.165484,0.166608,0.166477,0.164081,0.162179,0.161924,0.162610,0.164022,0.165624,0.164840,0.161520,0.155562,0.146732
0.154548,0.162004,0.167309,0.169253,0.168871,0.169123,0.171064,0.174418,0.176061,0.176608,0.175264,0.174310,0.174698,0.175843,0.177412,0.178835,0.177998,0.174723,0.168964,0.160799
0.125777,0.129697,0.133351,0.136660,0.139622,0.142614,0.145937,0.149312,0.151542,0.152849,0.152827,0.152150,0.151221,0.149980,0.148391,0.146464,0.143744,0.140263,0.136049,0.131441
0.115801,0.120363,0.124754,0.128866,0.132564,0.136086,0.139679,0.143044,0.144928,0.145625,0.144736,0.143079,0.141211,0.139229,0.137137,0.134875,0.132049,0.128557,0.124314,0.119756
0.107712,0.113106,0.118245,0.122867,0.126751,0.130218,0.133568,0.136615,0.138077,0.138250,0.136685,0.134239,0.131532,0.128719,0.125938,0.123232,0.120225,0.116834,0.112914,0.108764
0.080108,0.084653,0.089831,0.095778,0.101648,0.106525,0.110339,0.112982,0.114050,0.113712,0.111684,0.108191,0.103734,0.098866,0.093968,0.089360,0.085494,0.082297,0.079526,0.077574
0.099319,0.108511,0.116051,0.120615,0.122457,0.123743,0.125398,0.127554,0.127775,0.126543,0.123033,0.119045,0.115565,0.112482,0.110092,0.108423,0.106136,0.103176,0.099277,0.094146
0.139119,0.147633,0.153913,0.156300,0.155383,0.154127,0.153677,0.154438,0.154013,0.152773,0.149844,0.146927,0.144788,0.143006,0.141911,0.141665,0.140625,0.138971,0.136544,0.132557
0.133420,0.139482,0.144274,0.146824,0.147363,0.147579,0.148168,0.149329,0.149442,0.148791,0.146767,0.144497,0.142562,0.140784,0.139391,0.138511,0.137164,0.135444,0.133216,0.130119
0.120471,0.125657,0.130002,0.132794,0.134024,0.134792,0.135628,0.136750,0.137021,0.136608,0.134992,0.132881,0.130698,0.128368,0.126205,0.124508,0.122692,0.120937,0.119138,0.116959
0.155552,0.160457,0.164155,0.165727,0.165480,0.165063,0.165005,0.165432,0.164777,0.163437,0.160955,0.158635,0.157161,0.156439,0.156504,0.157129,0.157264,0.156745,0.155309,0.152815
0.165219,0.169327,0.172360,0.173583,0.173374,0.173243,0.173623,0.174469,0.174181,0.173208,0.171166,0.169419,0.168667,0.168810,0.169699,0.170900,0.171330,0.170713,0.168800,0.165699
0.126524,0.128319,0.130117,0.131818,0.133059,0.133801,0.134236,0.134705,0.135382,0.136066,0.136473,0.136109,0.134788,0.132468,0.129598,0.126939,0.124751,0.123567,0.123496,0.124066
0.129954,0.133404,0.136205,0.137868,0.138471,0.138907,0.139518,0.140382,0.140522,0.140159,0.138938,0.137560,0.136425,0.135478,0.134798,0.134390,0.133682,0.132681,0.131261,0.129349
0.142797,0.147169,0.150361,0.151618,0.151397,0.151344,0.151975,0.153222,0.153355,0.152806,0.151139,0.149739,0.149279,0.149569,0.150450,0.151531,0.151639,0.150566,0.148130,0.144408
0.146381,0.150426,0.153305,0.154365,0.154166,0.154357,0.155444,0.157229,0.157866,0.157813,0.156647,0.155824,0.156015,0.156973,0.158406,0.159806,0.159914,0.158483,0.155382,0.150834
0.140382,0.143804,0.146322,0.147509,0.147830,0.148577,0.150185,0.152410,0.153653,0.154280,0.153900,0.153674,0.154125,0.154997,0.156015,0.156799,0.156306,0.154397,0.151034,0.146482
0.131497,0.134645,0.137134,0.138707,0.139694,0.141046,0.143136,0.145703,0.147368,0.148417,0.148479,0.148467,0.148799,0.149254,0.149612,0.149633,0.148495,0.146145,0.142604,0.138154
0.127581,0.131060,0.133909,0.135886,0.137295,0.139042,0.141504,0.144381,0.146219,0.147325,0.147307,0.147130,0.147253,0.147479,0.147591,0.147341,0.145910,0.143228,0.139306,0.134482
0.116177,0.119498,0.122538,0.125226,0.127612,0.130111,0.132985,0.135961,0.137917,0.139081,0.139097,0.138636,0.138079,0.137355,0.136370,0.135055,0.132929,0.129983,0.126234,0.122028
0.106537,0.110261,0.113844,0.117228,0.120306,0.123280,0.126366,0.129317,0.131091,0.131921,0.131454,0.130323,0.128962,0.127417,0.125685,0.123753,0.121287,0.118252,0.114606,0.110707
0.105827,0.110766,0.115220,0.118850,0.121647,0.124269,0.127079,0.129892,0.131310,0.131644,0.130442,0.128653,0.126862,0.125087,0.123359,0.121625,0.119294,0.116291,0.112509,0.108206
0.105349,0.111170,0.116233,0.119978,0.122473,0.124735,0.127255,0.129915,0.131079,0.131096,0.129433,0.127234,0.125166,0.123206,0.121432,0.119799,0.117533,0.114565,0.110757,0.106246
0.103047,0.109448,0.114919,0.118760,0.121076,0.123105,0.125423,0.127965,0.128962,0.128778,0.126826,0.124353,0.122070,0.119928,0.118050,0.116416,0.114151,0.111201,0.107413,0.102828
0.104156,0.111399,0.117345,0.121052,0.122799,0.124315,0.126338,0.128838,0.129699,0.129342,0.127091,0.124462,0.122262,0.120343,0.118818,0.117613,0.115564,0.112610,0.108588,0.103436
0.104125,0.111793,0.117945,0.121515,0.122895,0.124113,0.126007,0.128556,0.129437,0.129100,0.126810,0.124233,0.122213,0.120525,0.119263,0.118327,0.116373,0.113352,0.109111,0.103533
0.099549,0.107099,0.113193,0.116810,0.118316,0.119656,0.121651,0.124278,0.125272,0.125061,0.122919,0.120442,0.118441,0.116695,0.115307,0.114212,0.112119,0.109003,0.104730,0.099185
0.105551,0.113932,0.120392,0.123660,0.124392,0.125177,0.127018,0.129842,0.130844,0.130572,0.128204,0.125785,0.124280,0.123325,0.122903,0.122750,0.121127,0.117928,0.113010,0.106256
0.096806,0.104189,0.110119,0.113631,0.115140,0.116596,0.118826,0.121751,0.123062,0.123186,0.121396,0.119288,0.117651,0.116219,0.115041,0.114027,0.111850,0.108496,0.103872,0.097915
0.084351,0.091110,0.096863,0.100890,0.103346,0.105566,0.108192,0.111131,0.112485,0.112613,0.110880,0.108572,0.106402,0.104264,0.102277,0.100452,0.097842,0.094439,0.090132,0.084953
0.115873,0.124570,0.130983,0.133628,0.133366,0.133286,0.134537,0.137101,0.137934,0.137606,0.135233,0.133038,0.132004,0.131631,0.131869,0.132416,0.131257,0.128317,0.123470,0.116463
0.134347,0.141215,0.146219,0.148225,0.148009,0.148120,0.149482,0.151981,0.153007,0.153071,0.151455,0.150065,0.149733,0.150013,0.150746,0.151567,0.150733,0.148137,0.143693,0.137337
0.130595,0.135655,0.139674,0.142068,0.143247,0.144658,0.146864,0.149638,0.151084,0.151605,0.150680,0.149654,0.149174,0.149013,0.149010,0.148881,0.147506,0.144771,0.140614,0.135245
0.151109,0.156520,0.160560,0.162471,0.162887,0.163720,0.165633,0.168358,0.169630,0.169954,0.168774,0.167784,0.167761,0.168387,0.169380,0.170247,0.169533,0.167017,0.162606,0.156541
0.160277,0.164991,0.168573,0.170459,0.171222,0.172460,0.174728,0.177682,0.179231,0.179858,0.179072,0.178423,0.178630,0.179413,0.180439,0.181197,0.180376,0.177743,0.173229,0.167202
0.149675,0.153254,0.156413,0.159013,0.161217,0.163642,0.166581,0.169690,0.171593,0.172609,0.172375,0.171812,0.171424,0.171122,0.170713,0.169954,0.168172,0.165247,0.161154,0.156338
0.154614,0.159234,0.163107,0.165866,0.167810,0.169994,0.172850,0.176040,0.177797,0.178528,0.177778,0.176807,0.176263,0.176008,0.175831,0.175396,0.173751,0.170717,0.166226,0.160688
0.123751,0.126614,0.130040,0.134350,0.139005,0.143240,0.146987,0.149990,0.151844,0.152677,0.152268,0.150755,0.148453,0.145665,0.142518,0.139182,0.135932,0.132752,0.129575,0.126893
0.132152,0.137921,0.143063,0.147086,0.149981,0.152585,0.155326,0.158053,0.159188,0.159093,0.157268,0.154841,0.152512,0.150331,0.148375,0.146568,0.144224,0.141221,0.137391,0.132949
0.147323,0.154941,0.160950,0.164249,0.165319,0.166327,0.168127,0.170668,0.171512,0.171148,0.168845,0.166383,0.164643,0.163369,0.162587,0.162103,0.160456,0.157549,0.153220,0.147391
0.156236,0.163920,0.169794,0.172686,0.173247,0.173929,0.175660,0.178344,0.179317,0.179111,0.176968,0.174845,0.173658,0.173054,0.172966,0.173087,0.171743,0.168807,0.164141,0.157687
0.135924,0.141440,0.146285,0.149967,0.152498,0.154763,0.157249,0.159886,0.161235,0.161557,0.160322,0.158443,0.156463,0.154332,0.152195,0.150158,0.147582,0.144518,0.140892,0.136747
0.133790,0.140327,0.145869,0.149689,0.151943,0.153958,0.156337,0.158996,0.160066,0.159932,0.157992,0.155565,0.153390,0.151392,0.149667,0.148158,0.145917,0.142876,0.138887,0.134006
0.119972,0.126206,0.131766,0.136063,0.138995,0.141432,0.143875,0.146329,0.147347,0.147201,0.145327,0.142672,0.139845,0.136883,0.134041,0.131504,0.128686,0.125631,0.122203,0.118374
0.118189,0.125681,0.131998,0.136209,0.138442,0.140241,0.142314,0.144696,0.145419,0.144868,0.142361,0.139289,0.136441,0.133752,0.131446,0.129581,0.127156,0.124152,0.120383,0.115726
0.114613,0.122713,0.129361,0.133446,0.135211,0.136568,0.138360,0.140679,0.141349,0.140765,0.138166,0.135076,0.132308,0.129704,0.127514,0.125822,0.123441,0.120400,0.116531,0.111577
0.101712,0.109350,0.115818,0.120158,0.122432,0.124159,0.126080,0.128323,0.129043,0.128554,0.126144,0.123045,0.119967,0.116829,0.113966,0.111610,0.108852,0.105790,0.102272,0.098027
0.093761,0.101885,0.108678,0.113063,0.115164,0.116715,0.118526,0.120737,0.121331,0.120662,0.117975,0.114656,0.111481,0.108348,0.105591,0.103404,0.100748,0.097696,0.094073,0.089577
0.106408,0.116595,0.124313,0.127836,0.127950,0.127954,0.129116,0.131541,0.131999,0.131088,0.127814,0.124550,0.122396,0.120904,0.120191,0.120077,0.118491,0.115382,0.110554,0.103588
0.088467,0.096527,0.103052,0.106918,0.108420,0.109576,0.111306,0.113745,0.114741,0.114617,0.112569,0.109996,0.107599,0.105111,0.102820,0.100945,0.098280,0.094999,0.091024,0.085971
0.089128,0.097969,0.104908,0.108625,0.109675,0.110596,0.112419,0.115154,0.116070,0.115669,0.113097,0.110305,0.108237,0.106566,0.105395,0.104614,0.102577,0.099254,0.094497,0.088074
0.086793,0.095625,0.102507,0.106117,0.107057,0.107936,0.109815,0.112695,0.113802,0.113626,0.111295,0.108758,0.106933,0.105440,0.104370,0.103623,0.101511,0.098039,0.093094,0.086430
0.075508,0.083407,0.089843,0.093799,0.095626,0.097270,0.099593,0.102562,0.103860,0.103897,0.101904,0.099460,0.097363,0.095372,0.093621,0.092116,0.089570,0.086012,0.081344,0.075432
0.052802,0.059401,0.065412,0.070286,0.073844,0.076824,0.079725,0.082535,0.083804,0.083792,0.081910,0.079069,0.075888,0.072437,0.069020,0.065887,0.062531,0.059020,0.055226,0.051144
0.092570,0.102207,0.109341,0.112251,0.111769,0.111244,0.111955,0.114065,0.114485,0.113748,0.110880,0.108104,0.106406,0.105269,0.104817,0.104938,0.103579,0.100774,0.096380,0.089872
0.124098,0.128777,0.132352,0.133987,0.133868,0.133467,0.133393,0.133937,0.133930,0.133525,0.132200,0.130686,0.129334,0.127926,0.126724,0.125995,0.124968,0.123872,0.122642,0.120797
0.117901,0.120933,0.123714,0.125953,0.127463,0.128582,0.129496,0.130302,0.130415,0.129985,0.128726,0.127036,0.125242,0.123444,0.121822,0.120520,0.119331,0.118289,0.117250,0.116182
0.118402,0.122210,0.125448,0.127611,0.128662,0.129372,0.130053,0.130815,0.130728,0.130022,0.128342,0.126385,0.124601,0.123027,0.121813,0.121002,0.120112,0.119124,0.117858,0.116236
0.166672,0.161882,0.159343,0.160036,0.162308,0.163083,0.161310,0.157646,0.155195,0.153437,0.152894,0.151275,0.147899,0.143677,0.139353,0.135923,0.135698,0.139007,0.145605,0.155247
0.148462,0.145905,0.144862,0.145752,0.147144,0.146926,0.144412,0.140452,0.137561,0.135273,0.133880,0.131508,0.127627,0.122981,0.118457,0.115149,0.114900,0.118131,0.124577,0.133611
0.136852,0.135869,0.135420,0.135239,0.134269,0.131693,0.127293,0.122273,0.118704,0.116069,0.114414,0.112099,0.108551,0.104171,0.100025,0.097448,0.097728,0.101566,0.108764,0.118021
0.130996,0.130992,0.130671,0.129306,0.126407,0.122354,0.117202,0.112070,0.108091,0.105001,0.102739,0.100529,0.098103,0.095629,0.093884,0.093718,0.095568,0.099901,0.106449,0.113954
0.124967,0.125093,0.124319,0.121758,0.117524,0.112872,0.107985,0.103631,0.099963,0.097032,0.094759,0.093297,0.092720,0.092983,0.094353,0.096942,0.100358,0.104680,0.109595,0.114274
0.128321,0.127531,0.125840,0.122665,0.118642,0.115180,0.112202,0.109646,0.106544,0.103536,0.100754,0.099673,0.101033,0.104885,0.110570,0.116790,0.122393,0.126513,0.128605,0.129129
0.134224,0.132335,0.129661,0.126027,0.122473,0.120376,0.119476,0.119020,0.117293,0.115274,0.113238,0.113418,0.116887,0.123659,0.132364,0.140786,0.147284,0.150445,0.149700,0.146488
0.121984,0.119639,0.116215,0.111657,0.107309,0.104917,0.104609,0.105704,0.106578,0.107810,0.109451,0.113018,0.118939,0.126615,0.134789,0.141936,0.146354,0.147409,0.145110,0.140372
0.115980,0.113841,0.110559,0.106218,0.102206,0.100307,0.100944,0.103539,0.106674,0.110548,0.114995,0.120799,0.127844,0.135124,0.141625,0.146574,0.148433,0.147277,0.143579,0.137784
0.098464,0.096866,0.094035,0.090073,0.086233,0.084307,0.085146,0.088609,0.093925,0.100658,0.108331,0.116428,0.123993,0.129533,0.132648,0.133915,0.132248,0.128850,0.124790,0.119492
0.094767,0.093635,0.091690,0.089328,0.087519,0.087443,0.089938,0.094814,0.101549,0.109535,0.118223,0.126639,0.133632,0.137735,0.138734,0.137618,0.133707,0.128472,0.123155,0.117168
0.090215,0.089297,0.088293,0.088031,0.089079,0.091630,0.096225,0.102399,0.109755,0.117770,0.125994,0.133431,0.139106,0.141900,0.141565,0.138966,0.133847,0.127443,0.120886,0.114118
0.079775,0.079023,0.079167,0.081561,0.086274,0.092196,0.099326,0.106716,0.113936,0.120797,0.127089,0.132241,0.135815,0.137342,0.136345,0.133066,0.127663,0.120660,0.112817,0.105096
0.081988,0.082240,0.083782,0.088069,0.094874,0.102558,0.110862,0.118621,0.125192,0.130657,0.134900,0.137834,0.139482,0.139816,0.138276,0.134691,0.129343,0.122257,0.113873,0.105694
0.075799,0.076546,0.079341,0.085888,0.095435,0.105323,0.114821,0.122532,0.127891,0.131285,0.132811,0.132780,0.131745,0.130344,0.127948,0.123895,0.118866,0.112229,0.103978,0.096320
0.080747,0.083728,0.088229,0.095351,0.104280,0.113003,0.121043,0.127393,0.131300,0.133159,0.132890,0.131002,0.128189,0.125124,0.121530,0.117007,0.112082,0.106220,0.099269,0.092904
0.076968,0.081102,0.086747,0.094754,0.104083,0.112698,0.120083,0.125394,0.127898,0.128081,0.125863,0.121944,0.117248,0.112708,0.108229,0.103398,0.098832,0.093830,0.087996,0.082925
0.074722,0.080879,0.087856,0.095850,0.103873,0.110755,0.116326,0.120195,0.121449,0.120514,0.117094,0.111986,0.106130,0.100351,0.094917,0.089785,0.085339,0.081117,0.076673,0.072908
0.056241,0.062552,0.069940,0.078589,0.087203,0.094233,0.099389,0.102439,0.102845,0.100991,0.096630,0.090352,0.083111,0.075952,0.069348,0.063416,0.058873,0.055247,0.051972,0.049845
0.057505,0.067228,0.076252,0.083552,0.088530,0.091981,0.094482,0.096326,0.095931,0.093653,0.088766,0.082461,0.075715,0.068963,0.062947,0.058129,0.054144,0.050951,0.048106,0.045335
0.114977,0.126559,0.135216,0.138522,0.136943,0.134261,0.132051,0.131316,0.129565,0.127032,0.122536,0.117729,0.113364,0.108960,0.105446,0.103648,0.101841,0.100592,0.099696,0.097448
0.113817,0.122962,0.129919,0.132877,0.132153,0.130588,0.129378,0.129250,0.128208,0.126460,0.123069,0.119340,0.115895,0.112382,0.109497,0.107866,0.106163,0.104818,0.103668,0.101494
0.118086,0.126780,0.133196,0.135579,0.134472,0.132889,0.131981,0.132246,0.131346,0.129648,0.126278,0.122930,0.120390,0.118277,0.116992,0.116740,0.115904,0.114662,0.112806,0.109448
0.153782,0.156692,0.159023,0.160096,0.159772,0.158832,0.157477,0.156093,0.154201,0.152007,0.149273,0.146547,0.144248,0.142539,0.141691,0.141762,0.142417,0.143582,0.144916,0.146097
0.142623,0.144529,0.146164,0.147078,0.146977,0.146213,0.144915,0.143543,0.142126,0.140676,0.138995,0.137078,0.135051,0.133046,0.131451,0.130638,0.130626,0.131586,0.133317,0.135360
0.158227,0.160884,0.162710,0.163006,0.161998,0.160880,0.159835,0.158938,0.157081,0.154740,0.151734,0.149304,0.148169,0.148445,0.149979,0.152185,0.154214,0.155594,0.155888,0.155232
0.141355,0.143211,0.144233,0.143842,0.142286,0.140736,0.139536,0.138944,0.138308,0.137754,0.137009,0.136553,0.136576,0.136876,0.137507,0.138501,0.139230,0.139805,0.140144,0.139909
0.118471,0.119801,0.120343,0.119615,0.117843,0.116112,0.114848,0.114428,0.114523,0.115039,0.115655,0.116347,0.116976,0.117167,0.117114,0.117247,0.117120,0.117202,0.117625,0.117765
0.114229,0.115867,0.116582,0.115908,0.114309,0.113104,0.112697,0.113154,0.113539,0.114005,0.114251,0.114881,0.116067,0.117444,0.118875,0.120260,0.120762,0.120494,0.119498,0.117607
0.119550,0.121068,0.121696,0.121107,0.119923,0.119463,0.120062,0.121474,0.122355,0.123047,0.123294,0.124126,0.125927,0.128354,0.130970,0.133243,0.134096,0.133360,0.131027,0.127383
0.119151,0.120323,0.120769,0.120353,0.119687,0.119878,0.121229,0.123390,0.125061,0.126539,0.127575,0.129064,0.131303,0.133909,0.136394,0.138266,0.138529,0.137076,0.133995,0.129676
0.117021,0.118093,0.118622,0.118635,0.118672,0.119587,0.121660,0.124476,0.126829,0.128953,0.130593,0.132467,0.134786,0.137155,0.139107,0.140257,0.139750,0.137566,0.133877,0.129123
0.114175,0.115364,0.116215,0.116895,0.117818,0.119544,0.122315,0.125676,0.128521,0.131038,0.132961,0.134859,0.136894,0.138715,0.139903,0.140191,0.138895,0.136054,0.131883,0.126873
0.095560,0.096420,0.097572,0.099504,0.102192,0.105306,0.108885,0.112505,0.115642,0.118342,0.120410,0.121886,0.122792,0.122993,0.122276,0.120680,0.118119,0.114747,0.110789,0.106772
0.115899,0.118529,0.120805,0.122768,0.124688,0.127113,0.130339,0.133949,0.136675,0.138745,0.139812,0.140579,0.141354,0.141898,0.141931,0.141268,0.139256,0.135912,0.131370,0.126093
0.104014,0.105916,0.108298,0.111627,0.115651,0.119771,0.123921,0.127627,0.130260,0.131998,0.132657,0.132523,0.131880,0.130860,0.129303,0.127120,0.124333,0.120865,0.116749,0.112710
